Text,price,speed,reliability,coverage,customer service,Sentiment
my family used my spectranet and they don't want to help my ministry now it has finished. spectranet_ng abeg how will i change my password.,0,0,0,0,0,[None]
spectranet_ng how can i get the freedom mifi in ajah today,0,0,0,0,0,[None]
drolufunmilayo iconic_remi spectranet_ng,0,0,0,0,0,[None]
"spectranet_ng your response just proves how horrid your customer service is. rather than ask what my issue is to help resolve, you render an apology. apology accepted!. now can you actually proffer solution? i am really disappointed with your services and attitude to customers",0,0,0,0,1,['Negative']
"spectranet is just the worse tbh, i can't even watch a 5min video without serious laggingğŸ˜«ğŸ˜«ğŸ˜«ğŸ¤¦ğŸ½â€â™‚ï¸",0,1,0,0,0,['Negative']
spectranet_ng #dontusespectranet incredibly poor network coverage and connectivity coupled with swift cellular data drain and extremely rude customer service representatives earn this cruel joke of a network a subzero rating. i definitely wouldn't recommend this excuse for a network to anyone. probably is the product of professional scammers determined to separate people from their hard-earned cash.,1,0,0,1,1,"['Negative', 'Negative', 'Negative']"
"buddah24 adebayorisirisi wifisupport1 tizeti you know people in abusive relationship always hope that tomorrow will be better but when tomorrow comes, the story will still be the same... so, he will still be with his lovely network tomorrow and tweet at them.",0,0,0,0,0,[None]
spectranet_ng isn't a worthy company anylonger.,0,0,0,0,0,[None]
spectranet_ng it's a disgusting customer service festac branch. was directed to mr samuel to attend to me but he chooses to go eat and host while i wait for 23 mins and counting. haven't even been told how long i will wait. internal customer service poor let alone external,0,0,0,0,1,['Negative']
therealmusty toolzo spectranet_ng baba today is double data.,0,0,0,0,0,[None]
nothing as frustrating as terrible network and spectranet is taking the piss right now,0,0,0,0,0,[None]
"adarpt37 hismyel tobiomoty daddyhassler fifaeworldcup spectranet_ng there's a process , we need to be part of that process",0,0,0,0,0,[None]
airtel and tizeti have failed me #ajruiz2 #anthonyjoshua,0,0,0,0,0,[None]
shawttynatt even glo and airtel. if not for spectranet that is doing the rescue.,0,0,0,0,0,[None]
cant even get internet to do my work ğŸ¤¡ğŸ¤¡ğŸ¤¡ğŸ¤¡ğŸ‘¿ tizeti,0,0,0,1,0,['Negative']
digitaltrends spectranet_ng how far? are we going to get this in nigeria?,0,0,0,0,0,[None]
"looking at my payslip and seeing how much my employer pays for my tax really get to me, like i don't benefit this amount you're paying. this amount with 2k addition could make a sub on spectranet_ng for a month i'm been abused and maltreated by this country to be paying such tax",1,0,0,0,0,['Neutral']
"ziniiex spectranet_ng hi zinnie, give me ur user id, i'll send it to my former colleagues there to help u suspend the account or better still send an email to highlighting ur user id on the subject , request for immediate suspension of account. cheers",0,0,0,0,0,[None]
spectranet_ng hwfa? why so slow???,0,1,0,0,0,['Negative']
wifisupport1 tweetmrsly1 tizeti #fucktizeti,0,0,0,0,0,[None]
day or night spectranet_ng remain useless ğŸ¤¦ğŸ½â€â™‚ï¸,0,0,1,0,0,['Negative']
i have been trying to do an upload since!! mtn and spectranet please na!!,0,1,0,0,0,['Negative']
"dre81us wow, sorry about this. spectranet works great for my building. i have my airtel line loaded as backup but i haven't had to use it yet",0,0,0,0,0,[None]
clan_clueless ah was asking about them online yesterday before paying this stupid spectranet. how far? are they any good bro?,1,0,0,0,0,['Neutral']
"ahhh, spectranet_ng gave me free birthday data! turn uppp! ğŸ’ƒğŸ¾ğŸ’ƒğŸ¾",0,0,0,0,0,[None]
mtewww.....this was my predicament before i bought spectranet_ng jeje!,0,0,0,0,0,[None]
mrtoluabiodun tizeti ğŸ˜­ğŸ˜­ğŸ˜­,0,0,0,0,0,[None]
"rabbi_oceans isnotpolitics tizeti bros, i no wan talk this morning.",0,0,0,0,0,[None]
degentleman_ come to spectranet ğŸ˜ŒğŸ˜Œ,0,0,0,0,0,[None]
sunday104 tizeti wifisupport1 ngcomcommission caccot1 babajideotitoju segalink the other guy is collating history of failure. i just decided not to engage gim again when they are done. i am expecting call for next service subscription. failure and sorry people.,0,0,0,0,0,[None]
let me just transfer money for my next subscription to my spectranet purse before story will enter...,1,0,0,0,0,['Neutral']
spectranet no dey fear god.,0,0,0,0,0,[None]
enesoulfood depend on the kind of mifi smile is 9800 spectranet is like 15k,1,0,0,0,0,['Neutral']
my spectranet data don finish. like how ğŸ˜­ğŸ˜­ğŸ˜­. changing my password,0,0,0,0,0,[None]
spectranet is shit,0,0,0,0,0,[None]
thefjay_ sigh what's better i just renewed abeg spectranet has been shit since january,0,0,1,0,0,['Neutral']
mr_pepro nothing oh i miss spectranet noni. i'm a platinum member and my sim just dey waste for house,0,0,0,0,0,[None]
i need vip72 and spectranet subscription.,0,0,0,0,0,[None]
"kunleeko drdammie gidi_traffic plentygadgets drjoeabah omojuwa bros, pls which part of lagos do u live? spectranet showed me pepper which i endured for 1yr even tho i'd been a loyal customer for over 5yrs. yet they showed wifey & i nonsense. switched to fibreone last oct.2 & now i watch youtube w/out buffer. pls consider them instead.",0,1,1,0,0,"['Negative', 'Negative']"
wifisupport1 tizeti i had made some complaints here some days back. so after the technical team fixed my issue.bthis is the current speed at off peak period. and to think i just stupidly renewed subscription today is pathetic. i can't tolerate this speed for 30days,0,1,0,0,0,['Negative']
adefola09 they said they don't have coverage at my side oo... thinking of getting ipnx,0,0,0,1,0,['Neutral']
"omo i've been wallowing in ignorance,appaz my spectranet sub had elapsed 100gb and i didn't even realize and i've been ranting about bad service meanwhile they have another package for 19k that is 500gb and i've been doing 100gb for 18k e be things o",1,0,0,0,0,['Neutral']
aniruoje buy spectranet_ng,1,0,0,0,0,['Positive']
toluorekoya tizeti wifisupport1 jokes,0,0,0,0,0,[None]
"consumersncc wifisupport1 tizeti last week, i couldn't stream on netflix or download files.this week it has gotten so bad,i cannot see videos on social media even though the speed is suspiciously reading as fast.they claim to resolve it, two days later it goes right back. very reminiscent of nitel tossed lines.",0,1,0,0,0,['Negative']
spectranet_ng how did i go from 26gb last night to 5gb today and i supposedly have free night browsing from 1am to 7am?,0,0,0,0,0,[None]
spectranet_ng no wahala. thank you.,0,0,0,0,0,[None]
saefhenryosas spectranet_ng ğŸ¤£ğŸ¤£ those ones na scam ğŸ¤£,0,0,0,0,0,[None]
spectranet_ng please can you confirm if i have double data deal on my device?,0,0,0,0,0,[None]
"spectranet_ng hello spectranet, you people called me today to advertise and remind me to top up and subscribe for another monthly data that i will have double of what i did but alas it wasn't what you guys did. you guys uploaded this list but none is found in your app.",0,0,0,0,0,[None]
"spectranet_ng good evening, pls what's happening, ur network just off the radar...",0,0,0,1,0,['Negative']
i want to get tizeti. who else uses them? pls give me before i call them and part with my small money.,1,0,0,0,0,['Neutral']
anenetochukwu spectranet_ng lol can't they try?,0,0,0,0,0,[None]
olatunjiyso adeshinahh spectranet_ng well. true. but i have suffered for too long in the hands of network providers and won't really bother if i am paying and getting the value. spectranet used to give me bonuses that i couldn't even use ğŸ¤·ğŸ¿â€â™‚ï¸,1,0,0,0,0,['Negative']
spectranet ğŸ˜¡ğŸ¤¬,0,0,0,0,0,[None]
"adarpt37 hismyel tobiomoty daddyhassler fifaeworldcup spectranet_ng there's a gaming association in nigeria, i think we should ask them what they are doing",0,0,0,0,0,[None]
ozdavies tizeti when dem go celebrate your own. make i come shayo,0,0,0,0,0,[None]
all the telcos and isps in nigeria are mad erratic. except glo and spectranet. they're very consistent. consistently rubbish.,0,0,1,0,0,['Negative']
spectranet site has crashed #reformthenigeriapolice,0,0,0,0,0,[None]
show_pez maziibe_ spectranet_ng lol,0,0,0,0,0,[None]
mradewest ah sucks. they're really good. or try ipnx,0,0,0,0,0,[None]
oluwadamilolaog femi_martinsog you are cheating on your darling spectranet again.,0,0,0,0,0,[None]
"realyinka_gold nope, they sent a message about deactivating inactive account plus what i spend monthly on airtel will give me more on spectranet",1,0,0,0,0,['Neutral']
"keneswitch wifisupport1 tizeti according to their terms and conditions they promise service within 24 hours, as a customer myself i'm tired of their terrible service.",0,0,0,0,1,['Negative']
"ngcomcommission consumersncc spectranet_ng here's is to state my ordeal using spectranet_ng i renewed my spectranet subscription on the 13th of this month, and just yesterday at about 4pm, 8gb had been exhausted without heavy downloads or streaming.",0,0,0,0,0,[None]
hello spectranet_ng what does the online mean ?,0,0,0,0,0,[None]
"i'd have to retire back to spectranet, ğŸ™ƒ. i'm ashamed ğŸ˜­ğŸ˜©",0,0,0,0,0,[None]
spectranet_ng fix things ğŸ™„,0,0,0,0,0,[None]
check your dm spectranet_ng,0,0,0,0,0,[None]
tobydonut emzzyinteriors do smile. heard tizeti tear stories,0,0,0,0,0,[None]
"ripples143 wifisupport1 tizeti they have a lot of downtime, like a lot. they are making it seem as though it's free service. i ducking pay for this, you are not doing me a favour!! ğŸ˜¡ğŸ¤¬",1,0,1,0,0,"['Negative', 'Neutral']"
spectranet_ng what's up with your speeds na?,0,1,0,0,0,['Negative']
"tizeti is a special brand of useless, when it comes to this isp business. wifi dey, why am i buying mobile data to download whatsapp video fgs?",0,1,0,0,0,['Negative']
"sheriphskills wifisupport1 to be honest, just change your provider. i used tizeti for a month and i packed it away! i have never been that disappointed at a service provider.",0,0,0,0,0,[None]
i'm in a toxic relationship with spectranet.,0,0,0,0,0,[None]
tizeti tizeti has been absolutely disappointing this last week...very erratic network...they seem not to be able to handle the work from home pressures,0,0,1,0,0,['Negative']
spectranet needs to reward me ğŸ˜­ğŸ˜­. 4 years ğŸ˜­,0,0,0,0,0,[None]
"spectranet_ng hi, i collected my sister's mifi before traveling. i am not able to recharge or subscribe because i don't know the sim number, nor the user id credentials. how can you help?",0,0,0,0,0,[None]
spectranet expecting me to subscribe without sending double data offer. jokers i want double data plus rollover so till then we wait.,0,0,0,0,0,[None]
"i'm essentially grateful for my spectranet battery strength/ health, that shit can go 9-10 hours on full charge. it's amazing",0,0,0,0,0,[None]
bbnaija this is the network you are advertising on your show tizeti wifisupport1 they have a very poor service ... if you plan on doing abeg rethink cause it would end in premium tears ğŸ˜­,0,0,0,0,0,[None]
ridwan_olalere tizeti i agree. âœŒï¸,0,0,0,0,0,[None]
spectranet_ng hian and i didn't get a mail notice or sms notice?? so i can subscribe now for 10k plan and get double data??,1,0,0,0,0,['Neutral']
officialbambam4 spectranet_ng they lost me 2 days ago already. they're just a scam. there's no area you'll go where their internet is strong. imagine paying 13k for data and you're struggling to even send whatsapp messages. dump their network as fast as you can if you want peace of mind. e go be for them sha,1,1,0,1,0,"['Negative', 'Negative', 'Negative']"
wifisupport1 tizeti well done ooo ... 2 hours to download 9mb .. but na broadband .. ğŸ™ŒğŸ¿,0,1,0,0,0,['Negative']
obadeyemi data that you're not using is disappearing ğŸ¤£ğŸ˜‚. spectranet_ng has to be a joke honestly. #spectranetdown,0,0,0,0,0,[None]
"spectranet_ng spectranet_ng spectranet_ng don't make me useless and ineffective again today. 10 hours gone, yet nothing meaningful has been achieved. fix this network, or else. #spectranet #bringbackmynetwork #spectranet #bringbackmynetwork #spectranet #bringbackmynetwork",0,0,1,0,0,['Negative']
itsmisola nah. spectranet.,0,0,0,0,0,[None]
damolaonline wifisupport1 tizeti it's really emabarrasing that the service rendered is so poor,0,0,0,0,0,[None]
spectranet_ng hello please can i add multiple devices to the same account?,0,0,0,0,0,[None]
wifisupport1 abi tizeti plsss oooooo...... give me wifi i just renewed my subscription and now i have no wifi..... why?????,0,0,0,0,0,[None]
value for money spectranet_ng be reasonable for once ğŸ™ğŸ¾,1,0,0,0,0,['Negative']
iamdreal_tig spectranet_ng itsdaybor smfh,0,0,0,0,0,[None]
"after buying data see airtel telling me ""now that i have data, i should watch one tin one tin. are you people actually ok? it's kukuma not your fault, it's that crippled tizeti i blame.",0,0,0,0,0,[None]
"the_cocoreidh spectranet. for optimized speed tests, i get like 200ms ping",0,1,0,0,0,['Neutral']
umehoma spectranet_ng cpcnig sannigeria fcc and those their representatives will be calling somebody using sweet voice ğŸ¤¦â€â™‚ï¸ğŸ¤¦â€â™‚ï¸,0,0,0,0,0,[None]
anthonyvine dm location & time biko. spectranet has put me to shameğŸ˜¢ğŸ˜¢,0,0,0,0,0,[None]
airtelnigeria just wanted to let you know that many of us did not register with nin... so if you like go and disconnect our lines... i will go and carry spectranet and continue my internet o... whatsapp call dey.. na u ppl go sabi una your matter o!...,0,0,0,0,0,[None]
"hi tizeti the mail below was sent few minutes ago, kindly look into asap. cc wifisupport1",0,0,0,0,0,[None]
i have moved from spectranet to smile to airtel in the last 6 months but they are all trash. they are only good in the first month.,0,0,1,0,0,['Negative']
"lloydatiku spectranet_ng disaster is an understatement disastrous in lagos spectranet_ng if you cannot function anymore, please stop collected our money!!!",1,0,0,0,0,['Neutral']
"who has fast internet and lives in yaba? biko help me, spectranet_ng is taking a whole fucking piss.",0,1,0,0,0,['Neutral']
"oladimejiojo_ youngboss0007 tizeti someone told me same back then when i just bought gloworld and was enjoying the services, i had to tweet commendation. guy legit told me don't get use to it. a week after i dump the sim out of frustration.",0,0,1,0,0,['Negative']
aweola7 tizeti taking their unreliable service to ghana,0,0,1,0,0,['Negative']
i have being avoiding this but i have to close my eyes and buy a spectranet or smile wifi. i can't be spending this much on data.,1,0,0,0,0,['Negative']
"spectranet need to get their acts together before 2am on monday, plis dear",0,0,0,0,0,[None]
"tizeti my internet has been down for 4 days now. stop tweeting and fix my internet. better still, return my money and come pick up your gadgets ğŸ¤¦â€â™‚ï¸ğŸ¤¦â€â™‚ï¸ğŸ¤¦â€â™‚ï¸",0,0,1,0,0,['Negative']
tizeti netflix thats not true. your usa ip is blocked by netflix.,0,0,0,0,0,[None]
chenaonuorah please don't buy spectranet ... i beg you in the name of god!,0,0,0,0,0,[None]
flakey_phil rgameyer both my airtel and glo line. they are both messed up right now! using spectranet wifi,0,0,0,0,0,[None]
"please can you help me with the address of any spectranet shop around oworonshoki or bariga, thank you!",0,0,0,0,0,[None]
"spectranet_ng goodmorning for 2 consecutive days now, my device has not worked. it displays red most of the time. please help!!!",0,0,1,0,0,['Negative']
tolutopsy mtnng spectranet_ng oshey padiâ˜ºï¸,0,0,0,0,0,[None]
"iyawothickabody one time spectranet called, i refused to pick because i didn't have money to subscribe so i just ignored it like 4 times. the fifth time, true caller showed union bank, i picked thinking i have passed interview o only to hear 'your spectranet...ğŸ˜‚ğŸ˜‚ğŸ˜‚ they got meğŸ˜‚",0,0,0,0,0,[None]
reignestt spectranet_ng fam i paid for one month ... this is the third week after several mails and calls i am yet to use it and it is about to expire,1,0,0,0,0,['Neutral']
spectranet_ng will soon finish me in this lagos . ğŸ˜­ please why can't i check my available night data?,0,0,0,0,0,[None]
"tukooldegreat baba spectranet na scam, the 100gb finishes in 1 week, not as if i use the data to watch porn ğŸ˜”",0,0,0,0,0,[None]
spectranet has stressed me for the last three days. i think i'll go back to mobile data for now,0,0,1,0,0,['Negative']
spectranet_ng if you can't render the service you promised to render why not just close down?. you guys are obvious a fraud.,0,0,0,0,0,[None]
tizeti haba! have shame na. small shame,0,0,0,0,0,[None]
morenike_me i have spectranet - you can try it.,0,0,0,0,0,[None]
spectranet_ng what's with your network?? been down all night in aguda. please fix asap,0,0,1,0,0,['Negative']
step in the right direction,0,0,0,0,0,[None]
iamchrisani wifisupport1 boycottfrauds tizeti i hate their generic response ğŸ˜¡ğŸ˜¡ğŸ˜¡,0,0,0,0,0,[None]
spectranet_ng your network of late ehnnnn! nah to donate slap give una o,0,0,0,0,0,[None]
tizeti is silly again. ğŸ˜‚ğŸ˜‚,0,0,0,0,0,[None]
"spectranet_ng i can't dm you , i've issues with my device",0,0,0,0,0,[None]
my spectranet is expiring in 2 days and i have 10 gig left,0,0,0,0,0,[None]
"fbn_help hello fbn, i made a bill payment for spectranet ltd (internet subscription n18,525) on 18/08/2020 time: 13:33pm. merchants hasn't received payment and asked to contact my bank. cenbank cenbank firstbankngr",1,0,0,0,0,['Neutral']
"spectranet_ng , are we okay at home ?",0,0,0,0,0,[None]
spectranet wants to frustrate me!!!!,0,0,0,0,0,[None]
how can ngn5000 be just 7gig? spectranet this is becoming unhealthy. spectranet_ng,1,0,0,0,0,['Negative']
tizeti how long will it take to connect my wifi,0,0,0,0,0,[None]
drightsauce spectranet is fucking me up. since 9 o,0,0,1,0,0,['Negative']
spectranet_ng will your store at ozone open today?,0,0,0,0,0,[None]
"tizeti wifisupport1 please kindly activate our account 'laoye abimbola' masha, surulere. paid 27/06/19. support #649947 paystack ref t217238200870816. it has not been activated since 27/6/19. lost 2days already. #saynotopoorinternetservice #saynotopoorcustomerservice lasgcopa",1,0,0,0,1,"['Neutral', 'Negative']"
"tizeti wifisupport1 with all our pains, all our escalation for the entire month of march, you provided no solution whatsover.... really what has hit your network... when the service is restored we barely have 1mb/s... what on earth has gone wrong with your unlimited package",0,1,0,0,1,"['Negative', 'Negative']"
spectranet_ng you people are really unfortunate abeg,0,0,0,0,0,[None]
tizeti get money to advertise but can't give internet speed that we paid for lmfao.,0,1,0,0,0,['Negative']
kenethelion identikaltwins smilecomsng spectranet_ng gidi_traffic both isps should be thrown out with the bath water.....,0,0,0,0,0,[None]
this tizeti ad sounds somehow to my ears.,0,0,0,0,0,[None]
wifisupport1 olamiday lumis0 oya ajepintos let us contribute our details tizeti is asking. ğŸ˜ğŸ˜ğŸ˜,0,0,0,0,0,[None]
"ntel stopped unlimited wifi service, i bought tizeti two weeks ago, the network will work fine for some hours and go off for another hour or more, what did i do to deserve this stress wifisupport1 what's going on with y'all? my work is internet based and you're frustrating it!",0,0,1,0,0,['Negative']
guccij9 eshenicy igbokweko drjoeabah spectranet_ng dstvng i don't mind you giving me the toll free number biko.,0,0,0,0,0,[None]
dear spectranet_ng... my device have been moving on snail speed lately... kilon shele na ...am watching you guys in 3d concave lens,0,1,0,0,0,['Negative']
"nigeria is indeed a funny place. businesses just increase the price of their offerings without sending an email or a newsletter. we get to do anyhow in nigeria because we have the mentality that ""nothing dey happen"" tizeti; i'm really disappointed in you guys once again.",1,0,0,0,0,['Negative']
spectranet_ng can you explain how my 50gb spectranet data becomes so useless that i have to rely on my 200mb globacomnigeria mobile data to send this tweet?,0,1,0,0,0,['Negative']
why are mtnng and spectranet_ng doing me like this in this time i need them the most.,0,0,0,0,0,[None]
"_diuto devlarri jasonnjoku kananyi anti_ratrace tizeti lol, na that one concern you.",0,0,0,0,0,[None]
"thanks to spectranet, i haven't complained about using up my data in three days and looking for how to buy another data in months",0,0,1,0,0,['Positive']
what's wrong with spectranet?? ğŸ¤¦ğŸ½â€â™‚ï¸,0,0,0,0,0,[None]
yacim986 wifisupport1 madu_victor cozzbie tizeti your blood dey always dey hot. take it easy yacim986,0,0,0,0,0,[None]
"tizeti , pay for 1 month enjoy 5 days disconnected for 7days then reconnected for 3 then disconnected for 4days the reconnected for 10days before the renewal ... rinse and repeat. i'm glad ipnx is now in my estate",0,0,1,0,0,['Negative']
tizeti netflix on your slow internet the only thing thing you would be able to see is thr trailer.,0,1,0,0,0,['Negative']
ronstanp 14mbps is the download speed of my mobile network while 6.3mbps is the upload speed of my mobile internet. the download speed of tizeti wifi is 0.88mbps.,0,1,0,0,0,['Negative']
trying to enjoy my movie but tizeti out here like,0,0,0,0,0,[None]
to sleep or tune in netflix? finally back with my spectranet ğŸ˜­,0,0,0,0,0,[None]
spectranet ğŸ¤ your internet connection is unstable (during zoom calls),0,0,0,1,0,['Negative']
"shamsiyya__ dead fc, jump unto spectranet",0,0,0,0,0,[None]
thanks gidi_traffic for helping with the poll. spectranet_ng make una do well oh. same platform that influenced buying decision can be used to call you out oh!,0,0,0,0,0,[None]
wifisupport1 tizeti ok,0,0,0,0,0,[None]
great move tizeti.,0,0,0,0,0,[None]
"iam_chrisy spectranet_ng ah they're good but if you have issues, they're staff can be annoying",0,0,0,0,1,['Negative']
tizeti kindly reactivate my account.,0,0,0,0,0,[None]
"i'm using spectranet o but the network has been shit since last week, i don sub for my glo twice in one week already ğŸ˜­ğŸ˜­",0,0,1,0,0,['Negative']
"aboyowa_e spectranet_ng lmaoo! na so, turn up!!",0,0,0,0,0,[None]
"spectranet_ng , see no make me swear for you! fix your wacky internet connection around yaba!",0,0,0,1,0,['Negative']
the_cocoreidh spectranet is still trash please and smile is better.,0,0,0,0,0,[None]
wifisupport1 tizeti it's the same story i was told when your team just unfortunate i wasted my money renewing,1,0,0,0,0,['Negative']
spectranet ooooo,0,0,0,0,0,[None]
why is it that everyone has to hang their spectranet mifis on their windows for it to work? ehn?,0,0,0,1,0,['Negative']
"drjoeabah doubleomoore spectranet_ng i wish you tried fibreone broadband, they will test your blood pressure so bad.",0,0,0,0,0,[None]
i used spectranet to watch the set up on netflix and the network was really good,0,1,0,0,0,['Positive']
adebambor feraljack_ spectranet_ng spec what???ğŸ¤£ğŸ¤£ğŸ¤£ it will only end in pains and suffering. samr with swift. all of them are kremina,0,0,0,0,0,[None]
spectranet_ng what's with the poor service in ijesha?? please fix it fast.,0,0,0,0,0,[None]
why can't we have any reliable isp in nigeria? spectranet_ng have been down for more than a week now. definitely not renewing next month. but i hear smile is just as bad.,0,0,1,0,0,['Negative']
"fbn_help hello fbn, i made a bill payment for spectranet ltd (internet subscription n18,525) on 18/08/2020 time: 13:33pm. merchants hasn't received payment and asked to contact my bank. cenbank firstbankngr",1,0,0,0,0,['Neutral']
"zimmani jerrierotimi spectranet_ng like i can't use my internet if i'm in the sitting room, i have to take it out of my room.",0,0,0,1,0,['Negative']
spectranet_ng you guys should make it rain 100% today please ğŸ™‚,0,0,0,0,0,[None]
spectranet_ng seems like this abusive relationship we're in isn't gonna last any longer. i'm fed up. totally. i cant be experiencing shitty internet for more than 4 weeks now.,0,0,1,0,0,['Negative']
joy73834037 tizeti_ i dey tell you ğŸ˜‚,0,0,0,0,0,[None]
zimmani jerrierotimi spectranet_ng only noticed since i moved,0,0,0,0,0,[None]
abeg spectranet dey reach ogun state? ijebu to be specific?? spectranet_ng,0,0,0,1,0,['Neutral']
spectranet don dey call me pass airtel,0,0,0,0,0,[None]
"iholuwatoby biko jamisi, i'm using spectranet 60gb and it's not bad",0,0,0,0,0,[None]
hay god. spectranet won't kill me. what is going on??,0,0,0,0,0,[None]
just had an awesome customer service experience from spectranet_ng . david listened and found a way to make it work. his supervisor tunji (i think) was ace! this is why i stick with spectranet! keep up the great work and don't make me regret my words please!,0,0,0,0,1,['Positive']
spectranet is just a piece of shit.. i'm done with these guys.,0,0,0,0,0,[None]
ipnx finally in this estate. ope o,0,0,0,0,0,[None]
"kusssman the_only_ayo mtnng glo__nig 9mobileng ntelng airtelnigeria spectranet_ng don't mind then,they just like to make life hard .......useless network provider",0,0,0,0,0,[None]
"oloko oluwatoyin made a payment of 112,000 naira on the 5th of september 2020 in respect of installation and 6 months subscription of the tizeti network .",1,0,0,0,0,['Neutral']
ngozi_nkechinwe okay. but you do realize said sp is also affecting ife's business too? do a search of spectranet and see what the results will churn out. everyone is complaining which means they're not getting their act right and most brands in nigeria only perform when called out,0,0,0,0,0,[None]
tizeti you guys are criminals big time ones,0,0,0,0,0,[None]
officialbambam4 spectranet_ng they can never change. best thing is to dump them.,0,0,0,0,0,[None]
"tizeti, your customers are beginning to speak up. you must listen. i was forced to get airtelnigeria wifi hotspot. your service is bad now. your customers want you to win so do the needful.",0,0,0,0,0,[None]
"hi, a spectranet engineer came to my apartment on sat with his laptop and device. he confirmed bad signal and gave me a report. do you have an office in ozone, yaba? i could go there today with the report. thanks",0,0,0,1,0,['Negative']
"now because i stopped renewing my internet on spectranet, they're on my neck, calling me up and down, trying to see how they can fix my internet issues. what sort of carelessness and cluelessness is this? been a loyal customer for more than 2 years, you people frustrated me out",0,0,0,0,0,[None]
chrisnwasike tizeti yes o,0,0,0,0,0,[None]
olamiday wifisupport1 tizeti is useless ğŸ˜‚ğŸ˜‚ğŸ˜‚,0,0,0,0,0,[None]
spectranet_ng fiberone and smile just got hacked,0,0,0,0,0,[None]
rukxy spectranet_ng na soak-away. ğŸ˜­,0,0,0,0,0,[None]
god i hate tizeti..... you will be having a class and the network will just go off...aarghh.,0,0,0,1,0,['Negative']
i was using mobile data. the data on my spectranet has finished. can only do whatsapp with it,0,0,0,0,0,[None]
spectranet will ruin me. ğŸ¥º,0,0,0,0,0,[None]
yacim986 wifisupport1 madu_victor cozzbie tizeti still take it easy sir yacim986,0,0,0,0,0,[None]
na this yeye network spectranet won make i renew? una go dey there.,0,0,0,0,0,[None]
petenwabuoku spectranet_ng so so long bro.,0,0,0,0,0,[None]
spectranet_ng why is it always impossible to upload files using spectranet? even if the file is 30mb. it'd never upload successfully. why?,0,1,0,0,0,['Negative']
"between swift and spectranet, which is more reliable and fast for someone that stays in festac?",0,1,1,0,0,"['Positive', 'Positive']"
aunty_les i use my spectranet in ph oh. find out,0,0,0,0,0,[None]
spectranet and mtn moving mad ğŸ˜­,0,0,0,0,0,[None]
jon3ro spectranet is actually more expensive and have a shitty service,1,0,0,0,0,['Negative']
spectranet_ng are you guys on leave today ?,0,0,0,0,0,[None]
shashupenz atoyebibamidel2 dzinkuz drjoeabah spectranet_ng ntelng help me tell him.,0,0,0,0,0,[None]
"dear tizeti wifisupport1 this is 11:40am, no calls, no email as per your schedule appointment. see, if i don't see anybody at my house to rectify this current mess; i will drag your company across all social media platforms including linkedin & offline too.",0,0,0,0,1,['Negative']
spectranet !!!!! ğŸ¤¬ğŸ¤¬ğŸ¤¬ğŸ¤¬ğŸ¤¬ğŸ¤¬,0,0,0,0,0,[None]
confyscenty officialbambam4 spectranet_ng ğŸ¤£ğŸ¤£ğŸ¤£ğŸ¤£ğŸ¤£ğŸ¤£ bro no kill me abeg,0,0,0,0,0,[None]
myaccessbank hi please made a deposit into my sister's spectranet_ng account via the #accessmore app got an error and was debited but yet to see the money in the #spectranet account,0,0,0,0,0,[None]
is tizeti any food in yaba?,0,0,0,0,0,[None]
sky_jfk ntelng tizeti very serious ooo.,0,0,0,0,0,[None]
spectranet_ng pls are you ppl still doing promo for new subscribers ?,0,0,0,0,0,[None]
spectranet_ng you have the worse customer service ever cc consumersncc,0,0,0,0,1,['Negative']
specy spectranet_ng warris all dis na! la ta aro!,0,0,0,0,0,[None]
spectranet_ng please what's the issue with your service around marina area(lagos) . i haven't been able to use my mifi all day. this is freaking tiring.,0,0,0,1,0,['Negative']
thejidelagos did my spectranet sometimes ago maybe na the wrong person . ask of bode that repairs iphone should be able to link you,0,0,0,0,0,[None]
spectranet_ng why have you guys decided to frustrate me today? just why? i cant even open a webpage... like... your network is just crap... gets worse every breathing moment. i'm tired of calling and receiving the same set of instructions that never works. can you fix upğŸ˜¡ğŸ˜¡,0,1,0,0,0,['Negative']
"hello spectranet_ng, your network for over a week in surulere has been extremely crappy. what exactly is going on? i mean i can't do things at a fast rate and it's stressing me out. can you rectify it as soon as possible? thanks",0,1,1,0,0,"['Negative', 'Negative']"
"comfyzy spectranet_ng i really don't know why ncc hasn't investigated them but then again, this is nigeria.",0,0,0,0,0,[None]
"ikejaelectric dey do their own since morning no light, now spectranet_ng wan join with poor internet service. na wa ooo",0,0,0,0,0,[None]
spectranet_ng ngcomcommission sent. kindly respond to your dm,0,0,0,0,0,[None]
skenky2g1 wifisupport1 tizeti aydtweets ololadeolaniyi am sorry bro.. we rock same boat wifisupport1 tizeti skenky2g1 concerns are on the increase like a pandemic... you need to flatten the curve,0,0,0,0,0,[None]
"spectranet_ng your nin portal isnt working o. button changes to ""submitting"" and changes back to ""submit"" after 10mins...no success/failure message",0,0,0,0,0,[None]
obagomez1 drjoeabah spectranet_ng my data is now exhausted. they will start calling for me to renew. smh,0,0,0,0,0,[None]
maroq i promise to charge my phone and pray spectranet_ng gives me the best network at that time ğŸ˜‚,0,0,0,0,0,[None]
tizeti have taken their internet. lemme go an take a nap,0,0,0,0,0,[None]
khaleed_ng mbuhari jidesanwoolu my spectranet device. acct! abeg.,0,0,0,0,0,[None]
spectranet_ng i haven't been able use the internet all morning and your customer care line isn't going through. i have office work to do! what's happening?!,0,0,1,0,1,"['Negative', 'Negative']"
9mobileng spectranet_ng life shouldn't be this hard ğŸ˜«,0,0,0,0,0,[None]
"wuraola_kayode spectranet_ng ha, subscribing to spectranet now is like throwing money inside the ocean.",1,0,0,0,0,['Negative']
shame on you spectranet,0,0,0,0,0,[None]
"dear wifisupport1, i just spoke with an agent of yours who says tizeti doesn't make refunds for your teleport service that didn't work. on same day the service was activated, i had immediately sent a mail to support complaining that it doesn't work. i got no response.",0,0,0,0,1,['Negative']
"oniosuntemidayo sparklyn_shy spectranet_ng spectranet_ltd i concur, they are very useless. i threw threw useless white mifi away since.",0,0,0,0,0,[None]
kevwekofi efosaaigbe aikmamah edomalo chefobubu lindaejiofor tizeti denikeoyetunde i tell ya,0,0,0,0,0,[None]
spectranet_ng your network has been trashy for the past 2-3 days now.. fix it.,0,0,1,0,0,['Negative']
the whole of tizeti really needs to be ğŸš®. one week straight with trash network ğŸ˜­ğŸ˜­,0,0,1,0,0,['Negative']
spectranet stressing me all weekend ! no wa tired mehn,0,0,1,0,0,['Negative']
davidiadeleke swiftnetworksng same with spectranet_ng. they've all been terrible this period!,0,0,1,0,0,['Negative']
"firstbankngr hello fbn, i made a bill payment for spectranet ltd (internet subscription n18,525) on 18/08/2020 time: 13:33pm. merchants hasn't received payment and asked to contact my bank. please refer to dm for details of ref. number. thanks",1,0,0,0,0,['Neutral']
"if i didn't have money to buy data now , it's understandable, which one is someone will buy data and you won't be able to use it , aye le spectranet ğŸ˜¡ ğŸ˜¡",1,0,0,0,0,['Neutral']
this spectranet is super annoying,0,0,0,0,0,[None]
"they are all trash, i have swift that is slower than a tortoise and tizeti that is non existent. almost 2 hours to download a 65mb file",0,1,0,0,0,['Negative']
philznnona spectranet_ng oh you have had issues with them or?! i subscribed and after so many mails and text and calls nothing was done! now my package i meant to end tonight and i have not even used up to 1% of the data i paid for,0,0,0,0,0,[None]
spectranet_ng have you fixed up?,0,0,0,0,0,[None]
"spectranet_ng una useless oooo . several calls , mails ... no response, i've been talking to machine since 3 days",0,0,0,0,1,['Negative']
tried downloading this yesterday it was showing me 2days and 12hours. spectranet your father,0,1,0,0,0,['Negative']
please suggest a new isp for me spectranet are bunch of idiaaaat ğŸ˜­ğŸ˜«ğŸ˜«...,0,0,0,0,0,[None]
spectranet is a really shitty network spectranet_ng i'm so disappointed,0,0,0,0,0,[None]
"yemi909 rakspd spectranet_ng airtelnigeria when i get spare change, i will do just that",0,0,0,0,0,[None]
"so it has gotten to this point ahn? spectranet_ng just sent me this notification and i am like, na so government sha want frustrate us ehn.",0,0,0,0,0,[None]
spectranet is awful,0,0,0,0,0,[None]
zimmani jerrierotimi spectranet_ng they're all the same,0,0,0,0,0,[None]
na gprs una dey run me no lie spectranet_ng,0,0,0,0,0,[None]
spectranet_ng spectranetlte the most useless and stupid networkâ€¼ï¸ stupid people... #acemifi is the worst #scam,0,0,0,0,0,[None]
man if i ever sub on this spectranet_ng again make my sperm turn water. fucking had it with their incompetence,0,0,0,0,0,[None]
iam_olusanya omo_west12 spectranet_ng i should give you away to what exactly?,0,0,0,0,0,[None]
spectranet_ng i'm really tired of this crippled network lately. fix up!!,0,0,0,0,0,[None]
nejeebbello isnotpolitics tizeti talk oh,0,0,0,0,0,[None]
deuxsvelte yea that's where i went to. which of the spectranet do you have?,0,0,0,0,0,[None]
all but that plan won't last upto two weeks... but ive been getting positive review about spectranet... dunno much about them though.,0,0,0,0,0,[None]
"after more than 21 minutes of call, wifisupport1 tizeti didn't pick my call. have you guys blacklisted my number? anyway, as usual, the internet is bad again and unusable. please help us adjust it like you did the last time. since it's your delight that we beg you every time",0,0,0,0,1,['Negative']
"onioyewole1 spectranet_ng baba, be like you go gimme some of this ya oxygen oooo. i need air",0,0,0,0,0,[None]
gue_varo drjoeabah islimfit spectranet_ng why were you shocked?,0,0,0,0,0,[None]
"torh i don't know. once i connect my spectranet to my laptop like this that's like 2gb gone (within 20 mins), i worked from home through out this week with my hotspot and my data is still much",0,0,0,0,0,[None]
daslimfop spectranet_ng i've started exploring other options tbh. 10k monthly in this economy is no joke....i can't be paying that much and not even enjoy what i'm paying for. their usefulness in the past couple of weeks has been reducing on a daily basis.,1,0,1,0,0,"['Negative', 'Negative']"
ganji118 officialbambam4 spectranet_ng i agree,0,0,0,0,0,[None]
does your sim card work on phones? spectranet_ng,0,0,0,0,0,[None]
drolufunmilayo airtelnigeria 9mobileng mtnng gloworld ntelcare ntelng spectranet_ng cobranetisp mainoneservice ipnxtweet #cutdataprices #cutdataprices #cutdataprices #cutdataprices #cutdataprices #cutdataprices #cutdataprices #cutdataprices #cutdataprices,1,0,0,0,0,['Negative']
spectranet trust me i can assure you don't try smile ğŸ˜ƒ,0,0,0,0,0,[None]
spectranet_ng good day please i will like to know how strong is your network in alapere area of lagos state. oriola axis to be precise,0,0,0,1,0,['Neutral']
is spectranet doing 100% today?,0,0,0,0,0,[None]
"the network reception happens to be very poor in the onike area of lagos and a tizeti representative advised that we apply for a refund via mail . (series of emails have been sent , but tizeti haven't done the needful )",0,0,0,1,1,"['Negative', 'Negative']"
"drjoeabah spectranet_ng i'm currently building a business... several hours of planning and designing on paper... the only thing that is certain is how i will make sure that i do everything i've promised my customers. i can't live with it, i wonder how these companies do it. teeniken",0,0,0,0,1,['Negative']
spectranet_ng definitely needs to pay for this pain and suffering they've put me through in the past month. i spend an average of 45k every two months for this trash internet.,1,0,0,0,0,['Neutral']
cchukudebelu spectranet_ng huawei,0,0,0,0,0,[None]
omo my network no go since morning both airtel and tizeti can't even recharge my 9mobile,0,0,0,0,0,[None]
eyitayofajinmi spectranet_ng very poor coverage in ikate. very poor ğŸ’”ğŸ’”ğŸ’”,0,0,0,1,0,['Negative']
spectranet has been terrible,0,0,0,0,0,[None]
"spectranet_ng globacomnigeria i have sent you something on the frustrating experience through your seflcare portal after several complaints and a visit to your bode thomas office. pls fix it today and forever...otherwise, i port",0,0,0,0,1,['Negative']
"jideofod rikko007 wifisupport1 tizeti that's because they boarded too much customer in march when lockdown was in effect. they didn't increase capacity, they keep lying about things that are not.",0,0,0,0,0,[None]
spectranet_ng you owe me 10gb,0,0,0,0,0,[None]
"atoyebibamidel2 dzinkuz drjoeabah spectranet_ng ntelng my brother, if you stay in lagos invite me to come this weekend. i'm telling you what i know, it's capped. even ask their customer care.",0,0,0,0,1,['Neutral']
another good day to remind y'all that spectranet_ng is trash,0,0,0,0,0,[None]
tizeti my internet is still not working. you are priceing my money. i've had to subscribe on my other internet since saturday and i know how much i have spent. ğŸ¤¦â€â™‚ï¸ğŸ¤¦â€â™‚ï¸ğŸ¤¦â€â™‚ï¸ğŸ¤¦â€â™‚ï¸,1,0,0,0,0,['Neutral']
anyone in surulere using smile network? spectranet has been quite unfortunate,0,0,0,0,0,[None]
henreeneo tizeti airtelnigeria yeah,0,0,0,0,0,[None]
spectranet has been really shitty lately,0,0,0,0,0,[None]
spectranet_ng yinkar_44 but maziibe_ is always complaining and i believe most of what he says.. so wetin go come sup now?,0,0,0,0,0,[None]
spectranet_ng bet why? i have paid ... connect me now,1,0,0,0,0,['Neutral']
mtnn mtnng and spectranet if you guys are not going to dash us data atleast come correct on your services. we can't be wasting money in these glorious times.,1,0,0,0,0,['Neutral']
"spectranet_ng what kind of service is #spectranet_ng delivering nowadays? it's been a week since i've had any network service on any of my devices (cpe & mini) at #yaba, onike precisely. multiple calls to the customer care lines, but just empty promises to look into it. shame!",0,0,0,1,1,"['Negative', 'Negative']"
bumbabilii spectranet baby lool,0,0,0,0,0,[None]
"customer reps over the phone spectranet_ng, usually hv helpful responses, but today, twas like both ladies i spoke with had awful meetings with their boss. it's funny how they end the call with ""thank you for choosing spectranet"" without even letting me finishğŸ™„ m_customerfirst",0,0,0,0,1,['Negative']
spectranet_ng what is going on?? where is my data?,0,0,0,0,0,[None]
companies in the same useless category during this quarantine period: 1ï¸âƒ£ nepa aka phcn phcnnigeria 2ï¸âƒ£ spectranet_ng very useless.,0,0,0,0,0,[None]
nonsobassey thelexash spectranet_ng mine isn't working at all ğŸ˜ª trash network,0,0,0,0,0,[None]
please does anyone know how spectranet_ng insurance claim works? the thing be like scam like this oh.,0,0,0,0,0,[None]
this internet hasn't worked all day. wifisupport1 tizeti,0,0,1,0,0,['Negative']
this game dey hungry me tonight but spectranet dey do oriiibu at the moment,0,0,0,0,0,[None]
spectranet_ng wetin dey happen gan gan ? the service since monday has been super horrible ...,0,0,1,0,0,['Negative']
dejokecarew spectranet?,0,0,0,0,0,[None]
i was not told spectranet network is now shitty ehhh,0,0,0,0,0,[None]
"hello spectranet_ng please, the network quality has been rather poor in my 2 prominent locations (papa ajao and oregun) in the last 2 months, especially from 3pm it's getting embarrassing when i have to call that network hasn't let me recieve important emails ğŸ™‚",0,0,1,0,0,['Negative']
teebouiie saintlumy mstifey spectranet is super horrible since covid 19 started seems their network has the virus ğŸ¦ ,0,0,0,0,0,[None]
glo & spectranet been shiiiiit for days now.,0,0,1,0,0,['Negative']
adejokee_ tizeti same here ooo same here no internet in the same time. i'm so upset i swear,0,0,0,0,0,[None]
spectranet can misbehave sha when you needed it..,0,0,0,0,0,[None]
"more than15 hours without social media. spectranet_ng did the most with their shitty network today. literally haven't done any efficient work all day. then iphone reset did its own too, taking me back to january cos of icloud misbehaviour. ğŸ¤¦ğŸ½â€â™€ï¸ i forgive you all.",0,0,1,0,0,['Negative']
savvyrinu i would have recommended spectranet but they are terribly slow of late,0,1,0,0,0,['Negative']
spectranet's network has been terrible. every thing is a problem in this country.,0,0,0,0,0,[None]
i have finally been delivered from spectranet! thank you lord,0,0,0,0,0,[None]
dear spectranet_ng what's up with your network?? been down since last night.,0,0,1,1,0,"['Negative', 'Negative']"
"caxtonjp sirwolx tizeti my thoughts exactly. look me now wey no dey do dstv, i am solely a data guy, these ucl nights, i had my spectranet and airtel on at the same time. laptop on airtel, tv on spectranet. omo airtel just dey stream smooth, spectranet na wa. it was frustrating.",0,1,0,0,0,['Negative']
"according to spectranet, if you stay around awoyaya, lakowe, bogije and beyond you are not on lagos map ğŸ¤”ğŸ¤”ğŸ¤”",0,0,0,0,0,[None]
"tizeti your network is trash... i can't open any website, netflix can't load on the tv. phew",0,1,0,0,0,['Negative']
socrateserasmus mtnng gonna buy spectranet tomorrow! mtn has made me finish my house rent ğŸ˜©ğŸ˜©ğŸ˜­,1,0,0,0,0,['Neutral']
spectranet_ng account was made active yesterday by the agent in yaba. i could only use it in yaba but no signal when i get home(ilupeju). my concern is about using it at home which was the reason i made the purchase. how may you help on that?,1,0,0,1,0,"['Negative', 'Neutral']"
"dear spectranet_ng i got this message from you guys dear customer, data subscribed on your userid has been exhausted. pls renew/upgrade & enjoy continuity of plan benefits.t&c apply i have up to 13gig left. is this the new marketing trend now??",0,0,0,0,0,[None]
modelina the best! spectranet 12k5 monthly tizzeti 9k5,1,0,0,0,0,['Neutral']
spectranet_ng are you people normal now ?,0,0,0,0,0,[None]
ayomikun_o_ yoruba_dev spectranet_ng i'm.yet to turn on mine today if i do i'd join in defs,0,0,0,0,0,[None]
tizeti i'm not enjoying this network. subscribed for 2months so i can work from home but it's really frustrating,0,0,1,0,0,['Negative']
"mtn , spectranet you guys need deliverance! ğŸ¤¦ğŸ½â€â™€ï¸",0,0,0,0,0,[None]
omo_west12 spectranet_ng i don help you tell spectranet_ng na,0,0,0,0,0,[None]
myaccessbank hello please i can't seem to find the spectranet option on the #accessmore application.,0,0,0,0,0,[None]
me waiting out spectranet to offer double data before i subscribe,0,0,0,0,0,[None]
"dynmsy wifisupport1 tizeti fccpcnigeria this is their new style, they used to be good with emails. now they are pathetic. my subscription expires today, the last of my money they'll have.",0,0,0,0,0,[None]
"have netflix, have wifi but still bored because tizeti is running at 23kbps so i cant watch nothing. i'm frustrated o",0,1,0,0,0,['Negative']
techpointdotng theenike tizeti smoooth,0,0,0,0,0,[None]
officialkome_ spectranet_ng this people don frustrate me finish kai. i'm tired,0,0,0,0,0,[None]
wifisupport1 tizeti now am enjoying what i paid for. kudos #endsars,1,0,0,0,0,['Positive']
tizeti have decided not to come install my internet tizeti,0,0,0,0,0,[None]
spectranet_ng had to switch to my mobile network to send this tweet.,0,1,0,0,0,['Negative']
bashirobasekola tizeti wifisupport1 thanks uncle. how are you doing sir?,0,0,0,0,0,[None]
what is that link that use in checking internet speed abeg?? i need to send this nonsense to spectranet_ng,0,1,0,0,0,['Negative']
benjamin_alamu swift4glte ntelng surprisingly wifi.com.ng is very good where i stay no issues whatsoever,0,0,0,0,0,[None]
spectranet_ng wiped out 15gb of data in 2days on a line associated with a pos device that has an average daily traffic of about 30mb. i have asked for concrete details of what happened from the 29th till today before taking further action. ngcomcommission,0,0,0,0,0,[None]
ajepintos lol. i give up fam. tizeti is useless,0,0,0,0,0,[None]
wifisupport1 tizeti how far???,0,0,0,0,0,[None]
is there any internet service provider in nigeria that offers unlimited data for a month with no cap ? asides tizeti please,0,0,0,0,0,[None]
"double data recharge on spectranet. get double the amount for today recharge only... #truth761x  lagos, nigeria",0,0,0,0,0,[None]
jameslantern2 spectranet?,0,0,0,0,0,[None]
khidkhordi that website be acting like an amber alert though. like a sign of things to come. at least tizeti get fine ui,0,0,0,0,0,[None]
ycombinator kananyi socialcapital mwseibel ace_company only tizeti offers a 4g internet service that cannot even load whatsapp status. there's not one single thing this telecom service provides but mediocrity. top notch mediocrity,0,1,0,0,0,['Negative']
"deejay_klem smilecomsng well this means i will stick with spectranet_ng . sigh, the devil you know.",0,0,0,0,0,[None]
__nasarr i dey reason activate my spectranet coz 15gb on airtel barely last me more than a week ğŸ¤·â€â™‚ï¸,0,0,0,0,0,[None]
"spectranet_ng please don't let us be unfortunate this afternoon, i have plenty work to do and your internet is not even working. location is yaba. let's be guided please, thanks!",0,0,0,0,0,[None]
confyscenty officialbambam4 spectranet_ng leemao. i actually bought an ntel sim o. used them for 2 days and dumped them.. they're not different from spectranet,0,0,0,0,0,[None]
spectranet_ng i would like to switch to your services. is it possible to purchase just a sim card from your outlets. i have too many unused modems sitting around.,1,0,0,0,0,['Neutral']
realdanielemeka spectranet,0,0,0,0,0,[None]
spectranet_ng is today double data please ğŸ˜Š,0,0,0,0,0,[None]
funmiistic tizeti internet service provider.,0,0,0,0,0,[None]
spectranet would not allow me to be great ğŸ˜•,0,0,0,0,0,[None]
spectranet and their stupid network.. mtcheew,0,0,0,0,0,[None]
tizeti 997122 is the ticket number. internet has been down since yesterday and you guys kept lying that the issue is fixed. i'm frustrated and tired of your style. i have to battle with epileptic service every other day. if you guys are not ready. just pack it up and go ğŸ¤¦â€â™‚ï¸ğŸ¤¦â€â™‚ï¸ğŸ¤¦â€â™‚ï¸,0,0,1,0,1,"['Negative', 'Negative']"
khadijattinuke spectranet,0,0,0,0,0,[None]
tizeti tizeti is not a good isp i've been experiencing this for almost 48 hours and it still continues,0,0,1,0,0,['Negative']
spectranet subscriptions is the reason i don't own a car yet! ğŸ˜”ğŸ˜”ğŸ˜”,0,0,0,0,0,[None]
theshalvah my tizeti has been awesome since i got back,0,0,0,0,0,[None]
"wifisupport1 tizeti i should create a ticket again, i called customer service. they said it would be looked into. still not working.",0,0,0,0,1,['Negative']
spectranet giving me more reasons why i shouldn't renew my subscription this month ğŸ˜‘,0,0,0,0,0,[None]
is spectranet having network issues?,0,0,0,0,0,[None]
tejuadeyinka spectranet_ng i'm going to thier office today cos i can't be downloading at 40kb per second,0,1,0,0,0,['Negative']
spectranet unlimited. value for money,1,0,0,0,0,['Positive']
"from 30th may to date mtn mifi - 10k spectranet - 10,250 smile - 24,000 mtn mobile data - roughly 5-7k both mtn (14k) and smile mifi(14,500) were bought within the last one month. spectranet deceived me ğŸ˜¢ isps have frustrated me",1,0,0,0,0,['Neutral']
spectranet_ng fritzthejanitor will they help me attend to other issues as well?,0,0,0,0,0,[None]
"thefunkydee spectranet_ng i'm giving spectranet_ng a second thoughts with this, i'm this thinking of switching from smile to spectranet_ng and this doesn't looks good. what would you advise me to do?",0,0,0,0,0,[None]
"50gb gone in one week, spectranet_ng na so? i am just tired.",0,0,0,0,0,[None]
mtnng globacomnigeria gloworld airtelnigeria etisalat_care spectranet_ng can we please get a 50% cut off price on data? it's a crucial time now. we need a pay cut. #weneeddatapaycut #paycutdata segalink gidi_traffic tosinolugbenga omojuwa drjoeabah seunkuti housengr,1,0,0,0,0,['Neutral']
"tried giving spectranet a last chance yesterday, put their sim in my mifi and the network was red, lmao. i just tossed it in the bin sharply. jokers spectranet_ng",0,0,0,1,0,['Negative']
bodii06 ogbenidipo why not get spectranet if it's accessible in your area,0,0,0,1,0,['Neutral']
spectranet data management tips always make me laugh with 25kb/s? the speed is my data manager ğŸ˜‚,0,1,0,0,0,['Neutral']
"lexxydee spectranet_ng globacomnigeria that's the saddest thing. are they not supposed to know that their service has degraded, yet no apologies and when i complain, their response is sloppy. swift would extend my expiry just for few hours downtime.",0,0,0,0,1,['Negative']
"spectranet_ng good day, want to complain about the service. the network keeps disappearing. what's going on? this has been happening since the lock down.",0,0,0,1,0,['Negative']
shame on you ntelng ntelcare you guys promised over 60mbps and look at what i am getting at a location close to unilag. i did rather just switch to spectranet_ng,0,1,0,0,0,['Negative']
dear spectranet_ng after several calls without any resolution. kindly attend to the dm sent by slekstar before this gets out of hand. #lagosunrest #covid19 #mondaymotivation,0,0,0,0,1,['Negative']
1mins video go use 5mins load. spectranet_ng aja john wick ma ku ni office yin oo ğŸ–ğŸ¾ğŸ–ğŸ¾ğŸ–ğŸ¾,0,1,0,0,0,['Negative']
jamesagada tizeti iaboyeji note that speed matters as much as data,0,1,0,0,0,['Neutral']
"spectranet_ng , una give us 1gb and take speed, pls take your 1gb and return back the speed.",0,1,0,0,0,['Negative']
wifisupport1 tizeti it's not about the usage history. your service sucks. i have been down now for over 5hrs and all i hear is we're optimizing which has been the song since jan,0,0,1,0,0,['Negative']
wifisupport1 ngcomcommission cenbank it's over a week now and still the same stupid excuse while my money keeps running. ngcomcommission you need to look out for the consumers. wifi/tizeti is a daylight robbery organisation by taking subscribers subscription and not providing service they promise to deliver.,0,0,0,0,1,['Negative']
"after making me use my last 10k to renew my account on their network, there's still no spectranet_ng service in my area. best to just flush the router down the toilet ğŸ˜£ğŸ˜£ğŸ˜£ğŸ˜£ğŸ˜£",1,0,0,1,0,"['Neutral', 'Negative']"
"spectranet_ng i just want to tell you guys that your network is trash. too poor for how much it costs. and please don't tell me to send you a dm. fix up, that's all i ask.",1,0,0,0,0,['Neutral']
"spectranet_ng i have been experiencing issue with my device since i bought it once is 10pm the speed of internet will becomes unbearable, i have complaint several times no action has been taken. sim no 621245010489855 and device no 354972063147302, kindly assist to resolve this.",0,1,0,0,1,"['Negative', 'Negative']"
how much longer will i wait for customer care service to attend to me #bbnaijia #bbnaija19 tizeti tizeti,0,0,0,0,1,['Negative']
"2gb file, spectranet day tell me 4hrs to download for midnight ğŸ˜‚ğŸ˜‚ğŸ˜‚ğŸ˜‚",0,1,0,0,0,['Negative']
iamchrisani moldina boycottfrauds tizeti wifisupport1 i'm with you. my internet hasn't worked for 9 days now. and they are not even responding to my email. class action?,0,0,1,0,1,"['Negative', 'Negative']"
dipz_avi spectranet_ng even their data speed has been horrible ğŸ¤¦ğŸ½â€â™‚ï¸,0,1,0,0,0,['Negative']
spectranet_ng kindly deal with the no data access in ijesha. i need to access internet.,0,0,0,1,0,['Negative']
fidelitybankplc what is happening? i recharged a data service spectranet of n10k plus yesterday and till this very moment i have not seen anything. no recharge and no refund pls do something now.,1,0,0,0,0,['Neutral']
dannyviktor tizeti volqx _harrisonjnr theonlyologi iamblobz bruv why nahhh ... of all data service provider ğŸ˜‚ğŸ˜‚ğŸ˜‚ğŸ˜‚ğŸ˜‚ğŸ˜‚,0,0,0,0,1,['Neutral']
"please, am i good to go with spectranet in lagos. is their network strong in lagos. asking for myself. educate me",0,0,0,1,0,['Neutral']
"spectranet_ng i've complained about the bad network in my area that i'm tired of complaining. your technicians have been here a couple of times, they do whatever they can and the network gets just a bit better (tho still bad)..",0,0,0,1,1,"['Negative', 'Neutral']"
can't watch videos in peace. spectranet_ng fix up your network,0,1,0,0,0,['Negative']
my anger is when you raised your tariff from 9k5 to 12k after purchasing your device for 46k inclusive of workmanship.,1,0,0,0,0,['Negative']
"wifisupport1 what fuck is wrong with tizeti, it been days now i can't even stream ig video",0,1,1,0,0,"['Negative', 'Negative']"
"dat_guy_otis elcrucifixio that's tizeti and it's not everywhere! tell us how much your first full access payment is , tell us the installation fee? , not just the monthly payment alone and tell us its not accessible and fast everywhere in lagos, tell us everything!! but it's still the best for now",1,1,0,1,0,"['Neutral', 'Neutral', 'Neutral']"
so my tizeti has been down for 4 freaking days now and all i get is they are working to fix it. tizeti fix my internet now or give me back my setup fee and the subscription i paid.,1,0,1,0,0,"['Negative', 'Neutral']"
tizeti wifisupport1 we are waiting for your response. the modem and everything is on. activate our account. i will not call customer care anymore. this is d forum for our complaints henceforth. as you people don't respond to emails & only escalate ğŸ“ complaints with no results.,0,0,0,0,1,['Negative']
spectranet_ng why don't you check your dm and see series of complaints i've made and how utterly useless y'all have been cos nothing has changed. still the same. oh had to switch to mtn to reply you cos your network cannot even post a tweet. i'm not living in ogun state o! shitty service,0,1,0,0,1,"['Negative', 'Negative']"
"spectranet_ng your network has been the worst thing about this lockdown. instead of working to make the network better, you're focusing on how to make us pay. ordinary to update whatsapp status takes minutes. once this lockdown ends, dumping your shitty network will be my goal.",0,1,0,0,0,['Negative']
spectranet_ng pls ffs fix up ! how will i have wifi but still be using data to load my netflix ! do better !!,0,1,0,0,0,['Negative']
"tizeti hello tizeti, how can you be reached? it's been a frustrating experience with you. you have not been replying mails or picking calls, as directed by the whatsapp number/agent. your attention is urgently needed",0,0,0,0,1,['Negative']
tizeti been holding on your customer care line for over an hour. telling me that i'm number 1 on the queue for over 40 minutes. ending my call only for me to call back and get placed on number 5 i expect 24/7 internet because i surely didn't subscribe to a night plan. fix up,0,0,0,0,1,['Negative']
tizeti... how fast is this service provider ğŸ¤” ğŸ¤”,0,1,0,0,0,['Neutral']
so spectranet_ng says they are going to deactivate my mifi in 7 days if i don't subscribe. i've not done so in almost a year specifically because i temporarily moved to an area they don't have service coverage. i'm just waiting for them to deactivate it so they can see craze.,0,0,0,1,0,['Neutral']
"bigtt76 tizeti that's me! i signed up for an online masters course 4th of february, i got their internet 8th of february, and till today i haven't been able to watch a single video lecture. i've dropped out of the course! after promising 5mbps, they supplied 11kbps and asked me to renew.",0,1,0,0,0,['Negative']
"itueng tizeti netflix bros! they haff tire me! terrible guys. they know nothing in that customer care. you will call and they will say 'escalate' and that is it. you have to call again and send mails and call before anything is done. once your subscription expire like this, ah! herculean to renew!",0,0,0,0,1,['Negative']
spectranet_ng payment made via zenith transfer for customer id and,1,0,0,0,0,['Neutral']
spectranet is shit yooo... download speed is at less than 2mb/sec,0,1,0,0,0,['Negative']
spectranet_ng why is it that you don't have network coverage in bogije? ibeju-lekki.,0,0,0,1,0,['Negative']
5 days of no internet tizeti wifisupport1 and our subscription is still running. i wonder how you guys sleep at night,0,0,1,1,0,"['Negative', 'Negative']"
tizeti and downtime in the past few weeks cc: tizeti_,0,0,1,0,0,['Negative']
"are you living within badore community, lekki ajah axis? if yes, take advantage of this express wi-fi by facebook: the internet at fast speeds and low prices. wifi: expresswi-fi by facebook powered by : tizeti inc retail outlet: gnosis tutors office  badore.",1,1,0,0,0,"['Positive', 'Positive']"
"it is not compulsory that you offer unlimited internet under 30 per month tizeti wifisupport1. raise your prices if you need to. i've defended you severally against those calling you a scam, but your consistently inconsistent service is becoming tiring. do better",1,0,1,0,0,"['Neutral', 'Negative']"
thanks spectranet_ng for resolving the network problems in my area. i noticed 4 bars the other day and thought it was a fluke. nah! it's reallllllll! what an amazing new years surprise. ğŸ‘ğŸ¾ğŸ‘ğŸ¾ğŸ‘ğŸ¾ğŸ‘ğŸ¾ğŸ‘ğŸ¾,0,0,0,1,0,['Positive']
just look at spectranet speed.. 1kb/s download speed,0,1,0,0,0,['Negative']
"the most useless internet provider is spectranet_ng as a customer of over 5 years, you can take it to the bank. to download as low as 5mb or stream movies online, it turns to war.",0,1,0,0,0,['Negative']
"spectranet must be competing with snail, that is the only explanation for this horrible network",0,1,0,0,0,['Negative']
416kb/s average download speed. spectranet is trash,0,1,0,0,0,['Negative']
caxtonjp prima_311 wifisupport1 ngcomcommission cenbank channelstv classicfm973 jimidisu chicorockx ngrsenate saharareporters see mail thread. we are been scammed by tizeti/wifi.com. no service after payment.i have been without service for over three weeks and nobody has bothered to reach out or resolve my issues,0,0,1,1,1,"['Negative', 'Negative', 'Negative']"
spectranet is damn too slow,0,1,0,0,0,['Negative']
"i've tried spectranet, smile, swift, tizeti(ğŸ¤®). for their flaws, ntel was providing truly unlimited and relatively fast internet, and they are available in lagos and abuja. with this fup thing, i want to have options.",0,1,0,1,0,"['Positive', 'Positive']"
"tizeti wifisupport1 i must say, i am very disappointed. your services have been really poor and one is saying anything about it, no apology. to say you just increased your tariff from 9500 to 12500. if you're in festaconline festacdirect festaccommunity please stay away..",1,0,0,0,0,['Negative']
spectranet_ng please do you have coverage in warewa or arepo ogun state ?,0,0,0,1,0,['Neutral']
i gave a bad review to a neighbour about tizeti. in the past few days the connection has been stable. i called him and gave the update to him just because i know how difficult it is to acquire customers and i would never bad mouth a service unless it is truly truly shitty.,0,0,1,1,0,"['Positive', 'Positive']"
wifisupport1 tizeti already resolved! well done people.,0,0,0,0,1,['Positive']
"tizeti your customer service numbers are all unreachable. you are holding my money, keeping your service and frustrating me",1,0,0,0,1,"['Negative', 'Neutral']"
"spectranet_ng ""apologies"" is all i get all the time. 26 days is a lot of time already. i think i exhausted my patience, i fear your customer service may be worse once i start using your product.",0,0,0,0,1,['Negative']
spectranet_ng thanks for your swift reply and assistance. i'm back up and running. have a fabulous week.,0,0,0,0,1,['Positive']
wifisupport1 chukymcobi tizeti please stop using #tizeti !!! they have no good service or customer care... they only care about ripping you off your money. #badservice #poorinternet #coronavirusoutbreak #lagos,1,0,0,0,1,"['Negative', 'Negative']"
tizeti what is the matter now? even in this pandemic you're giving me slow internet? haba,0,1,0,0,0,['Negative']
"spectranet_ng what's wrong with your service? for the past 18 hours, service has been epileptic. please address it",0,0,1,0,0,['Negative']
tizeti poor service like always... days of no network... worst of all costumer support,0,0,1,1,1,"['Negative', 'Negative', 'Negative']"
"everytime low speed, which way na? how will i use my money to sub and i'm getting this kind of service?! tizeti, come and answer tizeti wifisupport1 you sef want to add to our hardship? which way na?",1,1,0,0,0,"['Neutral', 'Negative']"
"tizeti please note, it seems your network is down around my area (mayfair gardens) i can not connect to the internet with your network. please investigate!",0,0,0,1,0,['Negative']
"tizeti netflixnaija dear tizeti, i'm totally disappointed. i've been unable to use internet for 3 days now after repeatedly contacting customer support. all i keep on hearing are excuses, no solutions. the only time your team is proactive is when you're sending out payment reminders!!!ğŸ¤¦â€â™‚ï¸",0,0,1,0,1,"['Negative', 'Negative']"
"yhe_mmie don't try it , i repeat don't try tizeti is the most unreliable network. for 5 days now, i've not been able to use the internet and they aren't doing a thing about it. customer service, zero.",0,0,1,0,1,"['Negative', 'Negative']"
"jollybobai spectranet_ng i was told they were the best in nigeria. i subscribe for over 100 gb every month and yet, i can't do basic things like join meetings, classes or stream games. everything is just trash. i have to keep explaining why i missed meetings and all of that. nonsense and ingredients.",0,1,0,0,0,['Negative']
spectranet_ng thanks for the slug like speed tonight!,0,1,0,0,0,['Negative']
tizeti not been working all day. i'm so ducking frustrated,0,0,1,0,0,['Negative']
tizeti if a network cannot handle sending a plain mail with no attachment swiftly...it shouldn't be in the data business,0,1,0,0,0,['Negative']
"stack overflow is down. spectranet is slow. it's in times like this, i contemplate my life and wax philosophical.",0,1,0,0,0,['Negative']
tizeti wifisupport1 please what is happening to your network? i've been unable to connect over 12 hours now. so much inconveniences and pile of work undone. #tizeti o! #wifing o! nejeebbello see your friends on display.,0,0,1,1,0,"['Negative', 'Negative']"
"iamchrisani moldina boycottfrauds tizeti wifisupport1 a month and half now. i started using them august, had to chase them before it started working. during my first month, i had intermittent disruptions and slow connection",0,1,1,0,0,"['Negative', 'Negative']"
spectranet and etisalat are moving mad tonight.. why so slowğŸ˜­,0,1,0,0,0,['Negative']
"i am having terrible experience using spectranet_ng today, poor or no internet is what i am getting. sigh",0,0,0,1,0,['Negative']
wifisupport1 yomivhenza tizeti houseofhannit after so much night vigil and serious prayers it's working ooğŸ¤¹ğŸ˜ğŸ˜ğŸ˜re: urgent [#284982] but still slow tho... let's work it #tizeti,0,1,0,0,0,['Negative']
spectranet_ng is just so unreliable for me. wish i did enough due diligence before getting into this one .,0,0,1,0,0,['Negative']
"tizeti netflix since you people don't want to be doing proper service nah, i have decided to be calling you out in public till you have sense & improve your service response. you must have sense by force!! i have paid since 27th june, 2019 & as tweet it is yet be activated. sent several mails",1,0,0,0,1,"['Negative', 'Neutral']"
evaalordiah spectranet_ng is good but also depends on your location. but once you have good coverage you will enjoy it. and they are very generous with bonusesğŸ˜œ,0,0,0,1,0,['Positive']
"spectranet_ng hello..pls fix your network service on amusan street, puposola road, new oko-oba..it is terrible and frustrating..poor network since yesterday. i have complained repeatedly but your network in this area is always really bad",0,0,0,0,1,['Negative']
iiragtid onibada spectranet_ng ntelcare ntelng i think smilecomsng... the only reason i stopped the subscription is the cost.. to expensive... but the quality is top notch,1,0,0,0,0,['Negative']
"tizeti it's been a week now, this ticket 737938 has been pending and everyone on your side has been quiet.",0,0,0,0,1,['Negative']
nittapee spectranet_ng swift4glte see ehn. this one's customer care hardly even responds.,0,0,0,0,1,['Negative']
spectranet_ngi understand you cap the speed when u exceed 100g... but this managing i have been managing for a while now is too much.. this is well below 522kb/sğŸ™„ğŸ™„,0,1,0,0,0,['Negative']
spectranet_ng and quickteller most definitely have the worst customer relationship. i wonder how n7000 would just disappear into thin air yet these unfortunate fellows have been sending messages asking me to subscribe again after taking money and not activating same.,1,0,0,0,1,"['Negative', 'Neutral']"
vinsoretire akinalabi spectranet will reduce your speed from about 8mbs to 512kb once you used 100gb which is abs...,0,1,0,0,0,['Negative']
spectranet_ng i have not had network for 2 days now. whats happening?,0,0,1,1,0,"['Negative', 'Negative']"
"dennisajalie wifisupport1 tizeti this is exactly my issue. my upload speed has been less than 0.5mbps for a long time now. i've complained and they keep dodging the topic. now they want to increase fee. they have family members, by the time people leave them, they'll have sense.",1,1,0,0,1,"['Negative', 'Negative', 'Negative']"
zaykassim smilecomsng mtnng i use spectranet unlimited...it's fair enough in terms of cost but service is 6/10 if not 5,1,0,0,0,0,['Positive']
tizeti after singing their praise for a time...my eyes now look to other reliable data options...it's beginning to be a very terrible experience...one calls/emails customer support daily for various issues,0,0,1,0,1,"['Negative', 'Neutral']"
spectranet_ng 's network can frustrate somebody's life. how can youtube be the only website opening properly?? ğŸ˜­,0,1,0,0,0,['Negative']
"spectranet_ng how far una, your network has been consistently terrible for days now. biko fix up its frustrating",0,0,1,0,0,['Negative']
tizeti internet has been down for 3 days now please and please fix up,0,0,1,0,0,['Negative']
can't believe i have spent over 12hrs and still counting just to download this ghost recon: wildlands with file size of 67gb ğŸ¤¦ğŸ½â€â™‚ï¸... spectranet ğŸ‘ğŸ¾,0,1,0,0,0,['Negative']
aniruoje spectranet_ng yea you do. but please ensure the signal is generally ok in your area before you purchase.,1,0,0,1,0,"['Neutral', 'price']"
tizeti tizeti_ what a terrible internet service provider do you offer? the worst part is you have the most terrible customer service. imagine my office that is heavily relying on internet to carry its daily operations & tizeti has been down since 15th of oct. thread,0,0,1,0,1,"['Negative', 'Negative']"
"i felt mobile network internet could not handle the rigours of my new smart appliances and devices, so i paid tizeti n50,000 for installation and one month subscription to their wifi service. can you tell which of the speed tests below is mobile and which is wifi? #wifi.com.ng",1,1,0,0,0,"['Neutral', 'Neutral']"
tizeti netflix watch what?!! crappy network. i use it. terrible service. you don't pick your calls +234 which is very expensive. when you pick the care guys are clueless about everything relating to your operations and are always escalating without results. ğŸ¤¦â€â™‚ï¸ğŸ¤¦â€â™‚ï¸ğŸ¤¦â€â™‚ï¸,0,0,0,0,1,['Negative']
wifisupport1 tizeti after making me pay 12500 instead of 9500,1,0,0,0,0,['Negative']
"tizeti wifisupport1 this is the 9th day my internet hasn't worked. i hope you guys are happy. when i have time, i'll get my money back from you guys. this is pure cheating.",1,0,1,0,0,"['Negative', 'Neutral']"
"wifisupport1 alhaji_biggi bbnaija tizeti heyiwhunmmy i have been laying this complain like forvever y'all keep asking for the same thing and sayimg the same thing even rudy's with zero improvement... your network is being worked on bla bla , it has been restored bla bla , same thing all over again bla bla bla ...",0,0,0,0,1,['Negative']
spectranet has denied me productivity for the past 4-5 hours ğŸ¤¦ğŸ¾â€â™‚ï¸ fix up,0,0,1,0,0,['Negative']
"drjoeabah spectranet_ng doc, do try smilecomsng with their truly unlimited premium plan (if you have good signal at your house).",0,0,0,1,0,['Neutral']
spectranet_ng what the hell is wrong with you people? how can i be paying about 13k for internet and i'll be struggling to send whatsapp messages? what kind of fraud is this? and if we make complaints you people will just ignore. you guys are obviously a scam.,1,1,0,0,1,"['Negative', 'Negative', 'Negative']"
tizeti oi my wifi hasn't worked in two days now. location: yaba send help efforts to reach you via telephone have been fruitless so far.,0,0,1,0,1,"['Negative', 'Negative']"
"tizeti i just stayed on your customer care line for 30mins trying to make enquiries about for someone thinking of coming onboard, that is a disturbing sign",0,0,0,0,1,['Negative']
i don't know why spectranet_ng has the shittiest customer service like it's just wild,0,0,0,0,1,['Negative']
