ISP_Name,Time,Text,Source,sentiment,label
sprectranet,2020-02-04 18:30:35+00:00,my family used my spectranet and they don't want to help my ministry now it has finished. spectranet_ng abeg how will i change my password.,Twitter for Android,Neutral,1
sprectranet,2019-06-19 04:59:49,spectranet_ng how can i get the freedom mifi in ajah today,Twitter for iPhone,Neutral,1
sprectranet,2020-03-30 07:57:38+00:00,drolufunmilayo iconic_remi spectranet_ng,Twitter for iPhone,Neutral,1
sprectranet,2020-12-31 21:07:52+00:00,"spectranet_ng your response just proves how horrid your customer service is. rather than ask what my issue is to help resolve, you render an apology. apology accepted!. now can you actually proffer solution? i am really disappointed with your services and attitude to customers",Twitter for Android,Negative,0
sprectranet,2020-09-03 23:09:09+00:00,"spectranet is just the worse tbh, i can't even watch a 5min video without serious laggingğŸ˜«ğŸ˜«ğŸ˜«ğŸ¤¦ğŸ½â€â™‚ï¸",Twitter for iPhone,Negative,0
sprectranet,2019-01-13 15:57:15,spectranet_ng #dontusespectranet incredibly poor network coverage and connectivity coupled with swift cellular data drain and extremely rude customer service representatives earn this cruel joke of a network a subzero rating. i definitely wouldn't recommend this excuse for a network to anyone. probably is the product of professional scammers determined to separate people from their hard-earned cash.,Twitter for Android,Negative,0
tizeti,2020-04-14 21:37:27+00:00,"buddah24 adebayorisirisi wifisupport1 tizeti you know people in abusive relationship always hope that tomorrow will be better but when tomorrow comes, the story will still be the same... so, he will still be with his lovely network tomorrow and tweet at them.",Twitter for Android,Negative,0
sprectranet,2020-11-06 00:26:13+00:00,spectranet_ng isn't a worthy company anylonger.,Twitter for Android,Negative,0
sprectranet,2020-08-05 14:09:13+00:00,spectranet_ng it's a disgusting customer service festac branch. was directed to mr samuel to attend to me but he chooses to go eat and host while i wait for 23 mins and counting. haven't even been told how long i will wait. internal customer service poor let alone external,Twitter for iPhone,Negative,0
sprectranet,2020-02-13 16:41:58+00:00,therealmusty toolzo spectranet_ng baba today is double data.,Twitter for Android,Neutral,1
sprectranet,2019-09-06 16:21:10,nothing as frustrating as terrible network and spectranet is taking the piss right now,Twitter for iPhone,Negative,0
sprectranet,2020-03-29 18:34:55+00:00,"adarpt37 hismyel tobiomoty daddyhassler fifaeworldcup spectranet_ng there's a process , we need to be part of that process",Twitter for Android,Neutral,1
tizeti,2019-12-07 22:02:21+00:00,airtel and tizeti have failed me #ajruiz2 #anthonyjoshua,Twitter for Android,Negative,0
sprectranet,2020-09-01 21:23:18+00:00,shawttynatt even glo and airtel. if not for spectranet that is doing the rescue.,Twitter for Android,Positive,2
tizeti,2020-06-03 22:47:08+00:00,cant even get internet to do my work ğŸ¤¡ğŸ¤¡ğŸ¤¡ğŸ¤¡ğŸ‘¿ tizeti,Twitter for Android,Negative,0
sprectranet,2019-03-25 19:18:05,digitaltrends spectranet_ng how far? are we going to get this in nigeria?,Twitter for Android,Neutral,1
sprectranet,2020-10-01 10:20:09+00:00,"looking at my payslip and seeing how much my employer pays for my tax really get to me, like i don't benefit this amount you're paying. this amount with 2k addition could make a sub on spectranet_ng for a month i'm been abused and maltreated by this country to be paying such tax",Twitter for Android,Neutral,1
sprectranet,2020-09-11 10:25:24+00:00,"ziniiex spectranet_ng hi zinnie, give me ur user id, i'll send it to my former colleagues there to help u suspend the account or better still send an email to highlighting ur user id on the subject , request for immediate suspension of account. cheers",Twitter for iPhone,Neutral,1
sprectranet,2019-05-20 12:22:17,spectranet_ng hwfa? why so slow???,Twitter for Android,Negative,0
tizeti,2020-03-12 06:58:52+00:00,wifisupport1 tweetmrsly1 tizeti #fucktizeti,Twitter for Android,Negative,0
sprectranet,2020-04-04 02:37:31+00:00,day or night spectranet_ng remain useless ğŸ¤¦ğŸ½â€â™‚ï¸,Twitter for iPhone,Negative,0
sprectranet,2020-04-04 13:55:27+00:00,i have been trying to do an upload since!! mtn and spectranet please na!!,Twitter for iPhone,Negative,0
sprectranet,2020-03-27 09:02:59+00:00,"dre81us wow, sorry about this. spectranet works great for my building. i have my airtel line loaded as backup but i haven't had to use it yet",Twitter for Android,Positive,2
sprectranet,2019-08-20 17:17:21,clan_clueless ah was asking about them online yesterday before paying this stupid spectranet. how far? are they any good bro?,Twitter for iPhone,Negative,0
sprectranet,2019-09-15 06:34:06,"ahhh, spectranet_ng gave me free birthday data! turn uppp! ğŸ’ƒğŸ¾ğŸ’ƒğŸ¾",Twitter for Android,Positive,2
sprectranet,2019-12-26 21:59:56,mtewww.....this was my predicament before i bought spectranet_ng jeje!,Twitter for Android,Positive,2
tizeti,2020-01-28 08:03:45+00:00,mrtoluabiodun tizeti ğŸ˜­ğŸ˜­ğŸ˜­,Twitter for iPhone,Neutral,1
tizeti,2020-03-12 23:35:36+00:00,"rabbi_oceans isnotpolitics tizeti bros, i no wan talk this morning.",Twitter for Android,Neutral,1
sprectranet,2020-05-03 07:16:02+00:00,degentleman_ come to spectranet ğŸ˜ŒğŸ˜Œ,Twitter for iPhone,Positive,2
tizeti,2019-11-13 10:48:45+00:00,sunday104 tizeti wifisupport1 ngcomcommission caccot1 babajideotitoju segalink the other guy is collating history of failure. i just decided not to engage gim again when they are done. i am expecting call for next service subscription. failure and sorry people.,Twitter for Android,Neutral,1
sprectranet,2020-12-02 15:26:51+00:00,let me just transfer money for my next subscription to my spectranet purse before story will enter...,Twitter for iPhone,Neutral,1
sprectranet,2020-09-01 06:58:51+00:00,spectranet no dey fear god.,Twitter for iPhone,Negative,0
sprectranet,2019-05-02 03:30:18,enesoulfood depend on the kind of mifi smile is 9800 spectranet is like 15k,Twitter for Android,Neutral,1
sprectranet,2020-04-11 09:21:42+00:00,my spectranet data don finish. like how ğŸ˜­ğŸ˜­ğŸ˜­. changing my password,Twitter for iPhone,Neutral,1
sprectranet,2020-05-05 22:54:46+00:00,spectranet is shit,Twitter for iPhone,Negative,0
sprectranet,2019-04-20 17:32:49,thefjay_ sigh what's better i just renewed abeg spectranet has been shit since january,Twitter for Android,Negative,0
sprectranet,2019-07-11 12:33:10,mr_pepro nothing oh i miss spectranet noni. i'm a platinum member and my sim just dey waste for house,Twitter for Android,Positive,2
sprectranet,2020-11-25 21:59:56+00:00,i need vip72 and spectranet subscription.,Twitter for Android,Neutral,1
sprectranet,2020-04-28 21:46:06+00:00,"kunleeko drdammie gidi_traffic plentygadgets drjoeabah omojuwa bros, pls which part of lagos do u live? spectranet showed me pepper which i endured for 1yr even tho i'd been a loyal customer for over 5yrs. yet they showed wifey & i nonsense. switched to fibreone last oct.2 & now i watch youtube w/out buffer. pls consider them instead.",Twitter for Android,Negative,0
tizeti,2019-02-07 22:37:18+00:00,wifisupport1 tizeti i had made some complaints here some days back. so after the technical team fixed my issue.bthis is the current speed at off peak period. and to think i just stupidly renewed subscription today is pathetic. i can't tolerate this speed for 30days,Twitter for Android,Negative,0
ipnx,2020-11-20 01:13:42,adefola09 they said they don't have coverage at my side oo... thinking of getting ipnx,Twitter for iPhone,Neutral,1
sprectranet,2020-04-13 23:20:20+00:00,"omo i've been wallowing in ignorance,appaz my spectranet sub had elapsed 100gb and i didn't even realize and i've been ranting about bad service meanwhile they have another package for 19k that is 500gb and i've been doing 100gb for 18k e be things o",Twitter for iPhone,Negative,0
sprectranet,2020-01-04 16:20:15+00:00,aniruoje buy spectranet_ng,Twitter for Android,Positive,2
tizeti,2019-12-04 16:55:05+00:00,toluorekoya tizeti wifisupport1 jokes,Twitter for Android,Neutral,1
tizeti,2020-05-05 00:57:19+00:00,"consumersncc wifisupport1 tizeti last week, i couldn't stream on netflix or download files.this week it has gotten so bad,i cannot see videos on social media even though the speed is suspiciously reading as fast.they claim to resolve it, two days later it goes right back. very reminiscent of nitel tossed lines.",Twitter for Android,Negative,0
sprectranet,2020-12-10 23:07:04+00:00,spectranet_ng how did i go from 26gb last night to 5gb today and i supposedly have free night browsing from 1am to 7am?,Twitter for iPhone,Negative,0
sprectranet,2019-08-05 10:50:41,spectranet_ng no wahala. thank you.,Twitter for iPhone,Neutral,1
sprectranet,2020-04-04 11:59:42+00:00,saefhenryosas spectranet_ng ğŸ¤£ğŸ¤£ those ones na scam ğŸ¤£,Twitter for iPhone,Negative,0
sprectranet,2020-05-15 19:10:05+00:00,spectranet_ng please can you confirm if i have double data deal on my device?,Twitter for iPhone,Neutral,1
sprectranet,2020-09-15 21:02:02+00:00,"spectranet_ng hello spectranet, you people called me today to advertise and remind me to top up and subscribe for another monthly data that i will have double of what i did but alas it wasn't what you guys did. you guys uploaded this list but none is found in your app.",Twitter for iPhone,Negative,0
sprectranet,2020-08-18 20:48:13+00:00,"spectranet_ng good evening, pls what's happening, ur network just off the radar...",Twitter for Android,Negative,0
tizeti,2020-01-07 21:58:48+00:00,i want to get tizeti. who else uses them? pls give me before i call them and part with my small money.,Twitter for Android,Neutral,1
sprectranet,2020-05-30 18:33:35+00:00,anenetochukwu spectranet_ng lol can't they try?,Twitter for Android,Neutral,1
sprectranet,2020-09-15 12:18:01+00:00,olatunjiyso adeshinahh spectranet_ng well. true. but i have suffered for too long in the hands of network providers and won't really bother if i am paying and getting the value. spectranet used to give me bonuses that i couldn't even use ğŸ¤·ğŸ¿â€â™‚ï¸,Twitter for iPhone,Negative,0
sprectranet,2019-10-15 09:31:25,spectranet ğŸ˜¡ğŸ¤¬,Twitter for iPhone,Negative,0
sprectranet,2020-03-29 18:51:55+00:00,"adarpt37 hismyel tobiomoty daddyhassler fifaeworldcup spectranet_ng there's a gaming association in nigeria, i think we should ask them what they are doing",Twitter for Android,Neutral,1
tizeti,2020-08-04 14:39:11+00:00,ozdavies tizeti when dem go celebrate your own. make i come shayo,Twitter for Android,Neutral,1
sprectranet,2019-09-11 13:50:37,all the telcos and isps in nigeria are mad erratic. except glo and spectranet. they're very consistent. consistently rubbish.,Twitter for Android,Positive,2
sprectranet,2020-10-17 10:38:26+00:00,spectranet site has crashed #reformthenigeriapolice,Twitter for iPhone,Negative,0
sprectranet,2020-04-29 08:41:19+00:00,show_pez maziibe_ spectranet_ng lol,Twitter for iPhone,Neutral,1
ipnx,2020-06-21 21:08:02,mradewest ah sucks. they're really good. or try ipnx,Twitter for iPhone,Positive,2
sprectranet,2019-06-05 11:43:22,oluwadamilolaog femi_martinsog you are cheating on your darling spectranet again.,Twitter for iPhone,Neutral,1
sprectranet,2020-08-30 21:25:48+00:00,"realyinka_gold nope, they sent a message about deactivating inactive account plus what i spend monthly on airtel will give me more on spectranet",Twitter for iPhone,Neutral,1
tizeti,2020-05-16 01:35:01+00:00,"keneswitch wifisupport1 tizeti according to their terms and conditions they promise service within 24 hours, as a customer myself i'm tired of their terrible service.",Twitter for iPhone,Negative,0
sprectranet,2020-03-20 03:35:42+00:00,"ngcomcommission consumersncc spectranet_ng here's is to state my ordeal using spectranet_ng i renewed my spectranet subscription on the 13th of this month, and just yesterday at about 4pm, 8gb had been exhausted without heavy downloads or streaming.",Twitter for iPhone,Negative,0
sprectranet,2019-01-06 10:30:37,hello spectranet_ng what does the online mean ?,Twitter for iPhone,Neutral,1
sprectranet,2019-02-21 20:32:01,"i'd have to retire back to spectranet, ğŸ™ƒ. i'm ashamed ğŸ˜­ğŸ˜©",Twitter for iPhone,Negative,0
sprectranet,2019-11-30 10:40:10,spectranet_ng fix things ğŸ™„,Twitter for iPhone,Negative,0
sprectranet,2020-03-18 15:09:15+00:00,check your dm spectranet_ng,Twitter for Android,Neutral,1
tizeti,2019-09-10 03:09:26+00:00,tobydonut emzzyinteriors do smile. heard tizeti tear stories,Twitter for iPhone,Negative,0
tizeti,2020-10-03 11:25:34+00:00,"ripples143 wifisupport1 tizeti they have a lot of downtime, like a lot. they are making it seem as though it's free service. i ducking pay for this, you are not doing me a favour!! ğŸ˜¡ğŸ¤¬",Twitter for iPhone,Negative,0
sprectranet,2019-05-21 22:08:33,spectranet_ng what's up with your speeds na?,Twitter for Android,Negative,0
tizeti,2020-09-17 16:14:08+00:00,"tizeti is a special brand of useless, when it comes to this isp business. wifi dey, why am i buying mobile data to download whatsapp video fgs?",Twitter for iPhone,Negative,0
tizeti,2020-07-28 23:18:21+00:00,"sheriphskills wifisupport1 to be honest, just change your provider. i used tizeti for a month and i packed it away! i have never been that disappointed at a service provider.",Twitter for iPhone,Negative,0
sprectranet,2020-09-23 17:54:39+00:00,i'm in a toxic relationship with spectranet.,Twitter for iPhone,Negative,0
tizeti,2020-04-26 16:43:36+00:00,tizeti tizeti has been absolutely disappointing this last week...very erratic network...they seem not to be able to handle the work from home pressures,Twitter for iPhone,Negative,0
sprectranet,2019-04-27 18:49:53,spectranet needs to reward me ğŸ˜­ğŸ˜­. 4 years ğŸ˜­,Twitter for iPhone,Neutral,1
sprectranet,2020-06-14 13:35:14+00:00,"spectranet_ng hi, i collected my sister's mifi before traveling. i am not able to recharge or subscribe because i don't know the sim number, nor the user id credentials. how can you help?",Twitter for Android,Neutral,1
sprectranet,2020-02-05 08:26:06+00:00,spectranet expecting me to subscribe without sending double data offer. jokers i want double data plus rollover so till then we wait.,Twitter for iPhone,Neutral,1
sprectranet,2019-11-07 00:27:46,"i'm essentially grateful for my spectranet battery strength/ health, that shit can go 9-10 hours on full charge. it's amazing",Twitter for iPhone,Positive,2
tizeti,2020-09-22 20:16:26+00:00,bbnaija this is the network you are advertising on your show tizeti wifisupport1 they have a very poor service ... if you plan on doing abeg rethink cause it would end in premium tears ğŸ˜­,Twitter for iPhone,Negative,0
tizeti,2020-05-29 15:53:18+00:00,ridwan_olalere tizeti i agree. âœŒï¸,Twitter for Android,Neutral,1
sprectranet,2020-02-29 05:19:35+00:00,spectranet_ng hian and i didn't get a mail notice or sms notice?? so i can subscribe now for 10k plan and get double data??,Twitter for Android,Neutral,1
sprectranet,2020-05-14 06:41:43+00:00,officialbambam4 spectranet_ng they lost me 2 days ago already. they're just a scam. there's no area you'll go where their internet is strong. imagine paying 13k for data and you're struggling to even send whatsapp messages. dump their network as fast as you can if you want peace of mind. e go be for them sha,Twitter for Android,Negative,0
tizeti,2020-09-07 10:16:20+00:00,wifisupport1 tizeti well done ooo ... 2 hours to download 9mb .. but na broadband .. ğŸ™ŒğŸ¿,Twitter for iPhone,Negative,0
sprectranet,2020-04-11 08:42:34+00:00,obadeyemi data that you're not using is disappearing ğŸ¤£ğŸ˜‚. spectranet_ng has to be a joke honestly. #spectranetdown,Twitter for Android,Negative,0
sprectranet,2019-08-12 16:51:15,"spectranet_ng spectranet_ng spectranet_ng don't make me useless and ineffective again today. 10 hours gone, yet nothing meaningful has been achieved. fix this network, or else. #spectranet #bringbackmynetwork #spectranet #bringbackmynetwork #spectranet #bringbackmynetwork",Twitter for Android,Negative,0
sprectranet,2019-07-23 18:51:33,itsmisola nah. spectranet.,Twitter for iPhone,Neutral,1
tizeti,2020-07-24 21:35:38+00:00,damolaonline wifisupport1 tizeti it's really emabarrasing that the service rendered is so poor,Twitter for iPhone,Negative,0
sprectranet,2020-03-26 17:07:05+00:00,spectranet_ng hello please can i add multiple devices to the same account?,Twitter for iPhone,Neutral,1
tizeti,2020-06-28 16:58:04+00:00,wifisupport1 abi tizeti plsss oooooo...... give me wifi i just renewed my subscription and now i have no wifi..... why?????,Twitter for iPhone,Negative,0
sprectranet,2020-04-04 02:38:38+00:00,value for money spectranet_ng be reasonable for once ğŸ™ğŸ¾,Twitter for iPhone,Negative,0
sprectranet,2019-11-12 08:27:23,iamdreal_tig spectranet_ng itsdaybor smfh,Twitter for iPhone,Neutral,1
tizeti,2020-07-14 12:59:52+00:00,"after buying data see airtel telling me ""now that i have data, i should watch one tin one tin. are you people actually ok? it's kukuma not your fault, it's that crippled tizeti i blame.",Twitter for iPhone,Negative,0
sprectranet,2019-08-22 22:36:51,"the_cocoreidh spectranet. for optimized speed tests, i get like 200ms ping",Twitter for Android,Neutral,1
sprectranet,2019-01-18 22:22:16,umehoma spectranet_ng cpcnig sannigeria fcc and those their representatives will be calling somebody using sweet voice ğŸ¤¦â€â™‚ï¸ğŸ¤¦â€â™‚ï¸,Twitter for iPhone,Neutral,1
sprectranet,2020-04-06 05:33:50+00:00,anthonyvine dm location & time biko. spectranet has put me to shameğŸ˜¢ğŸ˜¢,Twitter for Android,Negative,0
sprectranet,2020-12-16 10:43:31+00:00,airtelnigeria just wanted to let you know that many of us did not register with nin... so if you like go and disconnect our lines... i will go and carry spectranet and continue my internet o... whatsapp call dey.. na u ppl go sabi una your matter o!...,Twitter for Android,Neutral,1
tizeti,2020-05-25 14:54:16+00:00,"hi tizeti the mail below was sent few minutes ago, kindly look into asap. cc wifisupport1",Twitter for iPhone,Neutral,1
sprectranet,2020-01-18 22:04:28+00:00,i have moved from spectranet to smile to airtel in the last 6 months but they are all trash. they are only good in the first month.,Twitter for iPhone,Negative,0
sprectranet,2020-06-22 12:14:06+00:00,"lloydatiku spectranet_ng disaster is an understatement disastrous in lagos spectranet_ng if you cannot function anymore, please stop collected our money!!!",Twitter for Android,Negative,0
sprectranet,2019-02-20 14:25:20,"who has fast internet and lives in yaba? biko help me, spectranet_ng is taking a whole fucking piss.",Twitter for iPhone,Negative,0
tizeti,2019-03-20 08:52:22+00:00,"oladimejiojo_ youngboss0007 tizeti someone told me same back then when i just bought gloworld and was enjoying the services, i had to tweet commendation. guy legit told me don't get use to it. a week after i dump the sim out of frustration.",Twitter for Android,Neutral,1
tizeti,2019-10-31 10:01:15+00:00,aweola7 tizeti taking their unreliable service to ghana,Twitter for Android,Negative,0
sprectranet,2019-03-12 09:54:27,i have being avoiding this but i have to close my eyes and buy a spectranet or smile wifi. i can't be spending this much on data.,Twitter for iPhone,Negative,0
sprectranet,2019-04-20 19:50:25,"spectranet need to get their acts together before 2am on monday, plis dear",Twitter for Android,Negative,0
tizeti,2019-10-01 07:47:45+00:00,"tizeti my internet has been down for 4 days now. stop tweeting and fix my internet. better still, return my money and come pick up your gadgets ğŸ¤¦â€â™‚ï¸ğŸ¤¦â€â™‚ï¸ğŸ¤¦â€â™‚ï¸",Twitter for iPhone,Negative,0
tizeti,2019-04-08 18:33:18+00:00,tizeti netflix thats not true. your usa ip is blocked by netflix.,Twitter for iPhone,Neutral,1
sprectranet,2019-08-24 21:56:10,chenaonuorah please don't buy spectranet ... i beg you in the name of god!,Twitter for Android,Negative,0
sprectranet,2020-09-01 21:08:51+00:00,flakey_phil rgameyer both my airtel and glo line. they are both messed up right now! using spectranet wifi,Twitter for Android,Neutral,1
sprectranet,2019-03-28 19:13:22,"please can you help me with the address of any spectranet shop around oworonshoki or bariga, thank you!",Twitter for iPhone,Neutral,1
sprectranet,2020-02-17 08:03:12+00:00,"spectranet_ng goodmorning for 2 consecutive days now, my device has not worked. it displays red most of the time. please help!!!",Twitter for Android,Negative,0
sprectranet,2019-12-27 15:09:08,tolutopsy mtnng spectranet_ng oshey padiâ˜ºï¸,Twitter for iPhone,Neutral,1
sprectranet,2020-03-18 18:18:58+00:00,"iyawothickabody one time spectranet called, i refused to pick because i didn't have money to subscribe so i just ignored it like 4 times. the fifth time, true caller showed union bank, i picked thinking i have passed interview o only to hear 'your spectranet...ğŸ˜‚ğŸ˜‚ğŸ˜‚ they got meğŸ˜‚",Twitter for Android,Neutral,1
sprectranet,2019-12-04 11:03:34,reignestt spectranet_ng fam i paid for one month ... this is the third week after several mails and calls i am yet to use it and it is about to expire,Twitter for Android,Negative,0
sprectranet,2019-12-03 21:04:08,spectranet_ng will soon finish me in this lagos . ğŸ˜­ please why can't i check my available night data?,Twitter for iPhone,Negative,0
sprectranet,2019-10-13 12:48:21,"tukooldegreat baba spectranet na scam, the 100gb finishes in 1 week, not as if i use the data to watch porn ğŸ˜”",Twitter for iPhone,Negative,0
sprectranet,2019-05-25 16:42:57,spectranet has stressed me for the last three days. i think i'll go back to mobile data for now,Twitter for iPhone,Negative,0
sprectranet,2020-05-13 08:18:40+00:00,spectranet_ng if you can't render the service you promised to render why not just close down?. you guys are obvious a fraud.,Twitter for Android,Negative,0
tizeti,2019-02-07 17:29:28+00:00,tizeti haba! have shame na. small shame,Twitter for iPhone,Negative,0
sprectranet,2019-11-13 08:54:52,morenike_me i have spectranet - you can try it.,Twitter for iPhone,Neutral,1
sprectranet,2020-01-11 02:37:43+00:00,spectranet_ng what's with your network?? been down all night in aguda. please fix asap,Twitter for Android,Negative,0
tizeti,2020-06-07 15:06:58+00:00,step in the right direction,Twitter for iPhone,Positive,2
tizeti,2019-10-06 20:53:56+00:00,iamchrisani wifisupport1 boycottfrauds tizeti i hate their generic response ğŸ˜¡ğŸ˜¡ğŸ˜¡,Twitter for iPhone,Negative,0
sprectranet,2020-10-25 13:19:32+00:00,spectranet_ng your network of late ehnnnn! nah to donate slap give una o,Twitter for iPhone,Negative,0
tizeti,2020-04-30 08:55:40+00:00,tizeti is silly again. ğŸ˜‚ğŸ˜‚,Twitter for iPhone,Negative,0
sprectranet,2019-12-06 18:33:02,"spectranet_ng i can't dm you , i've issues with my device",Twitter for iPhone,Neutral,1
sprectranet,2020-01-24 09:01:51+00:00,my spectranet is expiring in 2 days and i have 10 gig left,Twitter for iPhone,Neutral,1
sprectranet,2020-08-19 15:14:30+00:00,"fbn_help hello fbn, i made a bill payment for spectranet ltd (internet subscription n18,525) on 18/08/2020 time: 13:33pm. merchants hasn't received payment and asked to contact my bank. cenbank cenbank firstbankngr",Twitter for iPhone,Neutral,1
sprectranet,2019-01-28 20:37:55,"spectranet_ng , are we okay at home ?",Twitter for iPhone,Neutral,1
sprectranet,2020-06-23 09:50:31+00:00,spectranet wants to frustrate me!!!!,Twitter for iPhone,Negative,0
sprectranet,2019-01-01 16:45:01,how can ngn5000 be just 7gig? spectranet this is becoming unhealthy. spectranet_ng,Twitter for iPhone,Negative,0
tizeti,2019-09-17 10:03:42+00:00,tizeti how long will it take to connect my wifi,Twitter for iPhone,Neutral,1
sprectranet,2020-03-31 10:22:50+00:00,drightsauce spectranet is fucking me up. since 9 o,Twitter for iPhone,Negative,0
sprectranet,2019-02-24 09:51:44,spectranet_ng will your store at ozone open today?,Twitter for iPhone,Neutral,1
tizeti,2019-06-29 08:59:37+00:00,"tizeti wifisupport1 please kindly activate our account 'laoye abimbola' masha, surulere. paid 27/06/19. support #649947 paystack ref t217238200870816. it has not been activated since 27/6/19. lost 2days already. #saynotopoorinternetservice #saynotopoorcustomerservice lasgcopa",Twitter for iPhone,Negative,0
tizeti,2020-04-02 21:46:09+00:00,"tizeti wifisupport1 with all our pains, all our escalation for the entire month of march, you provided no solution whatsover.... really what has hit your network... when the service is restored we barely have 1mb/s... what on earth has gone wrong with your unlimited package",Twitter for Android,Negative,0
sprectranet,2020-03-29 17:28:52+00:00,spectranet_ng you people are really unfortunate abeg,Twitter for iPhone,Negative,0
tizeti,2020-07-19 18:38:22+00:00,tizeti get money to advertise but can't give internet speed that we paid for lmfao.,Twitter for Android,Negative,0
sprectranet,2020-05-10 23:53:37+00:00,kenethelion identikaltwins smilecomsng spectranet_ng gidi_traffic both isps should be thrown out with the bath water.....,Twitter for iPhone,Negative,0
tizeti,2020-08-02 19:14:22+00:00,this tizeti ad sounds somehow to my ears.,Twitter for iPhone,Negative,0
tizeti,2020-07-08 07:04:29+00:00,wifisupport1 olamiday lumis0 oya ajepintos let us contribute our details tizeti is asking. ğŸ˜ğŸ˜ğŸ˜,Twitter for iPhone,Neutral,1
tizeti,2020-07-09 08:58:16+00:00,"ntel stopped unlimited wifi service, i bought tizeti two weeks ago, the network will work fine for some hours and go off for another hour or more, what did i do to deserve this stress wifisupport1 what's going on with y'all? my work is internet based and you're frustrating it!",Twitter for iPhone,Negative,0
sprectranet,2020-06-26 04:30:44+00:00,guccij9 eshenicy igbokweko drjoeabah spectranet_ng dstvng i don't mind you giving me the toll free number biko.,Twitter for Android,Neutral,1
sprectranet,2020-04-02 14:43:39+00:00,dear spectranet_ng... my device have been moving on snail speed lately... kilon shele na ...am watching you guys in 3d concave lens,Twitter for iPhone,Negative,0
tizeti,2020-02-14 14:46:57+00:00,"nigeria is indeed a funny place. businesses just increase the price of their offerings without sending an email or a newsletter. we get to do anyhow in nigeria because we have the mentality that ""nothing dey happen"" tizeti; i'm really disappointed in you guys once again.",Twitter for Android,Negative,0
sprectranet,2019-09-09 15:29:35,spectranet_ng can you explain how my 50gb spectranet data becomes so useless that i have to rely on my 200mb globacomnigeria mobile data to send this tweet?,Twitter for Android,Negative,0
sprectranet,2020-03-31 19:04:29+00:00,why are mtnng and spectranet_ng doing me like this in this time i need them the most.,Twitter for iPhone,Negative,0
tizeti,2020-06-08 08:23:31+00:00,"_diuto devlarri jasonnjoku kananyi anti_ratrace tizeti lol, na that one concern you.",Twitter for Android,Neutral,1
sprectranet,2019-05-01 19:28:57,"thanks to spectranet, i haven't complained about using up my data in three days and looking for how to buy another data in months",Twitter for iPhone,Positive,2
sprectranet,2019-08-16 16:07:30,what's wrong with spectranet?? ğŸ¤¦ğŸ½â€â™‚ï¸,Twitter for Android,Negative,0
tizeti,2019-07-30 17:01:05+00:00,yacim986 wifisupport1 madu_victor cozzbie tizeti your blood dey always dey hot. take it easy yacim986,Twitter for Android,Neutral,1
tizeti,2020-08-13 18:01:05+00:00,"tizeti , pay for 1 month enjoy 5 days disconnected for 7days then reconnected for 3 then disconnected for 4days the reconnected for 10days before the renewal ... rinse and repeat. i'm glad ipnx is now in my estate",Twitter for Android,Negative,0
tizeti,2019-10-31 10:01:59+00:00,tizeti netflix on your slow internet the only thing thing you would be able to see is thr trailer.,Twitter for Android,Negative,0
tizeti,2020-02-21 21:03:42+00:00,ronstanp 14mbps is the download speed of my mobile network while 6.3mbps is the upload speed of my mobile internet. the download speed of tizeti wifi is 0.88mbps.,Twitter for Android,Negative,0
tizeti,2019-07-17 21:55:45+00:00,trying to enjoy my movie but tizeti out here like,Twitter for iPhone,Negative,0
sprectranet,2019-01-24 19:40:04,to sleep or tune in netflix? finally back with my spectranet ğŸ˜­,Twitter for iPhone,Positive,2
sprectranet,2020-10-28 09:09:29+00:00,spectranet ğŸ¤ your internet connection is unstable (during zoom calls),Twitter for Android,Negative,0
sprectranet,2019-05-29 15:59:11,"shamsiyya__ dead fc, jump unto spectranet",Twitter for iPhone,Positive,2
sprectranet,2019-06-21 05:58:06,thanks gidi_traffic for helping with the poll. spectranet_ng make una do well oh. same platform that influenced buying decision can be used to call you out oh!,Twitter for Android,Positive,2
tizeti,2019-12-14 08:33:35+00:00,wifisupport1 tizeti ok,Twitter for Android,Neutral,1
tizeti,2020-06-07 14:40:11+00:00,great move tizeti.,Twitter for Android,Positive,2
sprectranet,2019-11-29 18:51:41,"iam_chrisy spectranet_ng ah they're good but if you have issues, they're staff can be annoying",Twitter for iPhone,Positive,2
tizeti,2019-05-18 16:41:44+00:00,tizeti kindly reactivate my account.,Twitter for iPhone,Neutral,1
sprectranet,2020-05-20 09:53:09+00:00,"i'm using spectranet o but the network has been shit since last week, i don sub for my glo twice in one week already ğŸ˜­ğŸ˜­",Twitter for iPhone,Negative,0
sprectranet,2019-09-15 07:21:28,"aboyowa_e spectranet_ng lmaoo! na so, turn up!!",Twitter for Android,Neutral,1
sprectranet,2019-05-04 12:13:23,"spectranet_ng , see no make me swear for you! fix your wacky internet connection around yaba!",Twitter for iPhone,Negative,0
sprectranet,2019-08-22 22:41:09,the_cocoreidh spectranet is still trash please and smile is better.,Twitter for Android,Negative,0
tizeti,2020-02-27 17:36:45+00:00,wifisupport1 tizeti it's the same story i was told when your team just unfortunate i wasted my money renewing,Twitter for iPhone,Negative,0
sprectranet,2019-05-08 11:00:54,spectranet ooooo,Twitter for iPhone,Negative,0
sprectranet,2020-02-23 19:56:12+00:00,why is it that everyone has to hang their spectranet mifis on their windows for it to work? ehn?,Twitter for iPhone,Negative,0
sprectranet,2020-06-26 08:15:51+00:00,"drjoeabah doubleomoore spectranet_ng i wish you tried fibreone broadband, they will test your blood pressure so bad.",Twitter for Android,Neutral,1
sprectranet,2020-04-22 21:21:58+00:00,i used spectranet to watch the set up on netflix and the network was really good,Twitter for Android,Positive,2
sprectranet,2019-07-25 08:44:41,adebambor feraljack_ spectranet_ng spec what???ğŸ¤£ğŸ¤£ğŸ¤£ it will only end in pains and suffering. samr with swift. all of them are kremina,Twitter for Android,Negative,0
sprectranet,2020-03-30 06:20:28+00:00,spectranet_ng what's with the poor service in ijesha?? please fix it fast.,Twitter for Android,Negative,0
sprectranet,2020-05-20 20:22:32+00:00,why can't we have any reliable isp in nigeria? spectranet_ng have been down for more than a week now. definitely not renewing next month. but i hear smile is just as bad.,Twitter for Android,Negative,0
sprectranet,2020-08-19 13:58:33+00:00,"fbn_help hello fbn, i made a bill payment for spectranet ltd (internet subscription n18,525) on 18/08/2020 time: 13:33pm. merchants hasn't received payment and asked to contact my bank. cenbank firstbankngr",Twitter for iPhone,Neutral,1
sprectranet,2020-04-04 08:50:24+00:00,"zimmani jerrierotimi spectranet_ng like i can't use my internet if i'm in the sitting room, i have to take it out of my room.",Twitter for iPhone,Negative,0
sprectranet,2019-10-03 08:52:52,spectranet_ng you guys should make it rain 100% today please ğŸ™‚,Twitter for Android,Neutral,1
sprectranet,2020-04-04 17:54:52+00:00,spectranet_ng seems like this abusive relationship we're in isn't gonna last any longer. i'm fed up. totally. i cant be experiencing shitty internet for more than 4 weeks now.,Twitter for Android,Negative,0
tizeti,2020-02-22 09:46:40+00:00,joy73834037 tizeti_ i dey tell you ğŸ˜‚,Twitter for iPhone,Neutral,1
sprectranet,2020-04-04 08:55:43+00:00,zimmani jerrierotimi spectranet_ng only noticed since i moved,Twitter for iPhone,Neutral,1
sprectranet,2019-12-24 09:16:22,abeg spectranet dey reach ogun state? ijebu to be specific?? spectranet_ng,Twitter for Android,Neutral,1
sprectranet,2020-02-05 12:22:11+00:00,spectranet don dey call me pass airtel,Twitter for iPhone,Negative,0
sprectranet,2019-02-24 12:33:56,"iholuwatoby biko jamisi, i'm using spectranet 60gb and it's not bad",Twitter for iPhone,Positive,2
sprectranet,2019-03-26 17:27:56,hay god. spectranet won't kill me. what is going on??,Twitter for iPhone,Negative,0
sprectranet,2019-08-30 12:10:33,just had an awesome customer service experience from spectranet_ng . david listened and found a way to make it work. his supervisor tunji (i think) was ace! this is why i stick with spectranet! keep up the great work and don't make me regret my words please!,Twitter for iPhone,Positive,2
sprectranet,2020-03-07 11:19:09+00:00,spectranet is just a piece of shit.. i'm done with these guys.,Twitter for Android,Negative,0
ipnx,2020-08-13 17:01:33,ipnx finally in this estate. ope o,Twitter for iPhone,Positive,2
sprectranet,2020-03-26 08:29:23+00:00,"kusssman the_only_ayo mtnng glo__nig 9mobileng ntelng airtelnigeria spectranet_ng don't mind then,they just like to make life hard .......useless network provider",Twitter for iPhone,Negative,0
tizeti,2020-09-23 22:40:03+00:00,"oloko oluwatoyin made a payment of 112,000 naira on the 5th of september 2020 in respect of installation and 6 months subscription of the tizeti network .",Twitter for Android,Neutral,1
sprectranet,2020-05-27 11:42:00+00:00,ngozi_nkechinwe okay. but you do realize said sp is also affecting ife's business too? do a search of spectranet and see what the results will churn out. everyone is complaining which means they're not getting their act right and most brands in nigeria only perform when called out,Twitter for iPhone,Negative,0
tizeti,2020-09-27 07:40:52+00:00,tizeti you guys are criminals big time ones,Twitter for iPhone,Negative,0
sprectranet,2020-05-13 22:35:19+00:00,officialbambam4 spectranet_ng they can never change. best thing is to dump them.,Twitter for Android,Negative,0
tizeti,2020-02-15 07:36:34+00:00,"tizeti, your customers are beginning to speak up. you must listen. i was forced to get airtelnigeria wifi hotspot. your service is bad now. your customers want you to win so do the needful.",Twitter for Android,Negative,0
sprectranet,2019-01-14 11:43:00,"hi, a spectranet engineer came to my apartment on sat with his laptop and device. he confirmed bad signal and gave me a report. do you have an office in ozone, yaba? i could go there today with the report. thanks",Twitter for Android,Neutral,1
sprectranet,2020-07-22 09:57:34+00:00,"now because i stopped renewing my internet on spectranet, they're on my neck, calling me up and down, trying to see how they can fix my internet issues. what sort of carelessness and cluelessness is this? been a loyal customer for more than 2 years, you people frustrated me out",Twitter for Android,Negative,0
tizeti,2019-12-14 08:30:59+00:00,chrisnwasike tizeti yes o,Twitter for Android,Neutral,1
tizeti,2020-07-07 20:55:44+00:00,olamiday wifisupport1 tizeti is useless ğŸ˜‚ğŸ˜‚ğŸ˜‚,Twitter for iPhone,Negative,0
sprectranet,2019-04-20 16:54:09,spectranet_ng fiberone and smile just got hacked,Twitter for Android,Neutral,1
sprectranet,2020-03-14 22:00:08+00:00,rukxy spectranet_ng na soak-away. ğŸ˜­,Twitter for Android,Neutral,1
tizeti,2020-06-05 10:57:57+00:00,god i hate tizeti..... you will be having a class and the network will just go off...aarghh.,Twitter for Android,Negative,0
sprectranet,2019-04-29 13:18:39,i was using mobile data. the data on my spectranet has finished. can only do whatsapp with it,Twitter for iPhone,Neutral,1
sprectranet,2019-10-20 11:41:54,spectranet will ruin me. ğŸ¥º,Twitter for iPhone,Negative,0
tizeti,2019-07-30 17:03:00+00:00,yacim986 wifisupport1 madu_victor cozzbie tizeti still take it easy sir yacim986,Twitter for Android,Neutral,1
sprectranet,2020-05-22 08:31:23+00:00,na this yeye network spectranet won make i renew? una go dey there.,Twitter for iPhone,Negative,0
sprectranet,2020-07-24 15:56:57+00:00,petenwabuoku spectranet_ng so so long bro.,Twitter for Android,Neutral,1
sprectranet,2020-08-02 12:15:16+00:00,spectranet_ng why is it always impossible to upload files using spectranet? even if the file is 30mb. it'd never upload successfully. why?,Twitter for Android,Negative,0
sprectranet,2020-11-29 16:35:04+00:00,"between swift and spectranet, which is more reliable and fast for someone that stays in festac?",Twitter for Android,Neutral,1
sprectranet,2019-01-04 16:58:01,aunty_les i use my spectranet in ph oh. find out,Twitter for iPhone,Neutral,1
sprectranet,2020-04-20 16:52:03+00:00,spectranet and mtn moving mad ğŸ˜­,Twitter for iPhone,Negative,0
sprectranet,2019-04-20 20:10:12,jon3ro spectranet is actually more expensive and have a shitty service,Twitter for iPhone,Negative,0
sprectranet,2019-07-17 19:02:16,spectranet_ng are you guys on leave today ?,Twitter for iPhone,Neutral,1
sprectranet,2020-06-26 06:23:19+00:00,shashupenz atoyebibamidel2 dzinkuz drjoeabah spectranet_ng ntelng help me tell him.,Twitter for Android,Neutral,1
tizeti,2020-06-24 10:47:41+00:00,"dear tizeti wifisupport1 this is 11:40am, no calls, no email as per your schedule appointment. see, if i don't see anybody at my house to rectify this current mess; i will drag your company across all social media platforms including linkedin & offline too.",Twitter for Android,Negative,0
sprectranet,2020-09-23 10:16:32+00:00,spectranet !!!!! ğŸ¤¬ğŸ¤¬ğŸ¤¬ğŸ¤¬ğŸ¤¬ğŸ¤¬,Twitter for iPhone,Negative,0
sprectranet,2020-05-22 08:42:29+00:00,confyscenty officialbambam4 spectranet_ng ğŸ¤£ğŸ¤£ğŸ¤£ğŸ¤£ğŸ¤£ğŸ¤£ bro no kill me abeg,Twitter for Android,Neutral,1
sprectranet,2020-07-05 20:03:48+00:00,myaccessbank hi please made a deposit into my sister's spectranet_ng account via the #accessmore app got an error and was debited but yet to see the money in the #spectranet account,Twitter for iPhone,Neutral,1
tizeti,2019-02-26 20:03:45+00:00,is tizeti any food in yaba?,Twitter for iPhone,Neutral,1
tizeti,2019-11-28 14:30:33+00:00,sky_jfk ntelng tizeti very serious ooo.,Twitter for iPhone,Neutral,1
sprectranet,2019-06-05 09:12:35,spectranet_ng pls are you ppl still doing promo for new subscribers ?,Twitter for iPhone,Neutral,1
sprectranet,2020-05-19 09:55:28+00:00,spectranet_ng you have the worse customer service ever cc consumersncc,Twitter for Android,Negative,0
sprectranet,2020-04-28 22:36:46+00:00,specy spectranet_ng warris all dis na! la ta aro!,Twitter for Android,Negative,0
sprectranet,2019-05-09 12:40:37,spectranet_ng please what's the issue with your service around marina area(lagos) . i haven't been able to use my mifi all day. this is freaking tiring.,Twitter for Android,Negative,0
sprectranet,2019-08-30 11:55:29,thejidelagos did my spectranet sometimes ago maybe na the wrong person . ask of bode that repairs iphone should be able to link you,Twitter for iPhone,Neutral,1
sprectranet,2020-03-26 13:32:54+00:00,spectranet_ng why have you guys decided to frustrate me today? just why? i cant even open a webpage... like... your network is just crap... gets worse every breathing moment. i'm tired of calling and receiving the same set of instructions that never works. can you fix upğŸ˜¡ğŸ˜¡,Twitter for Android,Negative,0
sprectranet,2019-12-13 10:43:45,"hello spectranet_ng, your network for over a week in surulere has been extremely crappy. what exactly is going on? i mean i can't do things at a fast rate and it's stressing me out. can you rectify it as soon as possible? thanks",Twitter for iPhone,Negative,0
sprectranet,2020-07-22 12:22:27+00:00,"comfyzy spectranet_ng i really don't know why ncc hasn't investigated them but then again, this is nigeria.",Twitter for Android,Negative,0
sprectranet,2020-03-29 19:18:56+00:00,"ikejaelectric dey do their own since morning no light, now spectranet_ng wan join with poor internet service. na wa ooo",Twitter for Android,Negative,0
sprectranet,2020-12-22 11:09:28+00:00,spectranet_ng ngcomcommission sent. kindly respond to your dm,Twitter for Android,Neutral,1
tizeti,2020-04-06 09:57:01+00:00,skenky2g1 wifisupport1 tizeti aydtweets ololadeolaniyi am sorry bro.. we rock same boat wifisupport1 tizeti skenky2g1 concerns are on the increase like a pandemic... you need to flatten the curve,Twitter for Android,Negative,0
sprectranet,2020-12-26 22:09:46+00:00,"spectranet_ng your nin portal isnt working o. button changes to ""submitting"" and changes back to ""submit"" after 10mins...no success/failure message",Twitter for iPhone,Negative,0
sprectranet,2020-06-03 14:31:34+00:00,obagomez1 drjoeabah spectranet_ng my data is now exhausted. they will start calling for me to renew. smh,Twitter for iPhone,Neutral,1
sprectranet,2020-06-17 12:22:45+00:00,maroq i promise to charge my phone and pray spectranet_ng gives me the best network at that time ğŸ˜‚,Twitter for iPhone,Neutral,1
tizeti,2020-05-02 22:12:41+00:00,tizeti have taken their internet. lemme go an take a nap,Twitter for Android,Neutral,1
sprectranet,2020-11-05 17:08:17+00:00,khaleed_ng mbuhari jidesanwoolu my spectranet device. acct! abeg.,Twitter for Android,Neutral,1
sprectranet,2020-10-14 11:16:34+00:00,spectranet_ng i haven't been able use the internet all morning and your customer care line isn't going through. i have office work to do! what's happening?!,Twitter for iPhone,Negative,0
sprectranet,2020-03-31 14:57:53+00:00,9mobileng spectranet_ng life shouldn't be this hard ğŸ˜«,Twitter for Android,Negative,0
sprectranet,2020-04-07 11:27:36+00:00,"wuraola_kayode spectranet_ng ha, subscribing to spectranet now is like throwing money inside the ocean.",Twitter for iPhone,Negative,0
sprectranet,2019-09-12 20:11:14,shame on you spectranet,Twitter for iPhone,Negative,0
tizeti,2019-03-11 11:17:58+00:00,"dear wifisupport1, i just spoke with an agent of yours who says tizeti doesn't make refunds for your teleport service that didn't work. on same day the service was activated, i had immediately sent a mail to support complaining that it doesn't work. i got no response.",Twitter for Android,Negative,0
sprectranet,2019-08-14 18:05:23,"oniosuntemidayo sparklyn_shy spectranet_ng spectranet_ltd i concur, they are very useless. i threw threw useless white mifi away since.",Twitter for Android,Negative,0
tizeti,2019-03-13 16:30:57+00:00,kevwekofi efosaaigbe aikmamah edomalo chefobubu lindaejiofor tizeti denikeoyetunde i tell ya,Twitter for Android,Neutral,1
sprectranet,2020-05-15 13:10:47+00:00,spectranet_ng your network has been trashy for the past 2-3 days now.. fix it.,Twitter for Android,Negative,0
tizeti,2020-05-29 19:13:22+00:00,the whole of tizeti really needs to be ğŸš®. one week straight with trash network ğŸ˜­ğŸ˜­,Twitter for Android,Negative,0
sprectranet,2020-11-01 19:00:27+00:00,spectranet stressing me all weekend ! no wa tired mehn,Twitter for Android,Negative,0
sprectranet,2020-04-03 22:07:02+00:00,davidiadeleke swiftnetworksng same with spectranet_ng. they've all been terrible this period!,Twitter for Android,Negative,0
sprectranet,2020-08-19 13:54:43+00:00,"firstbankngr hello fbn, i made a bill payment for spectranet ltd (internet subscription n18,525) on 18/08/2020 time: 13:33pm. merchants hasn't received payment and asked to contact my bank. please refer to dm for details of ref. number. thanks",Twitter for iPhone,Neutral,1
sprectranet,2020-07-29 12:57:19+00:00,"if i didn't have money to buy data now , it's understandable, which one is someone will buy data and you won't be able to use it , aye le spectranet ğŸ˜¡ ğŸ˜¡",Twitter for iPhone,Negative,0
sprectranet,2019-04-10 11:11:15,this spectranet is super annoying,Twitter for iPhone,Negative,0
tizeti,2020-03-30 22:58:25+00:00,"they are all trash, i have swift that is slower than a tortoise and tizeti that is non existent. almost 2 hours to download a 65mb file",Twitter for Android,Negative,0
sprectranet,2019-12-04 10:29:09,philznnona spectranet_ng oh you have had issues with them or?! i subscribed and after so many mails and text and calls nothing was done! now my package i meant to end tonight and i have not even used up to 1% of the data i paid for,Twitter for Android,Negative,0
sprectranet,2020-07-25 18:58:46+00:00,spectranet_ng have you fixed up?,Twitter for iPhone,Negative,0
sprectranet,2020-03-28 09:40:21+00:00,"spectranet_ng una useless oooo . several calls , mails ... no response, i've been talking to machine since 3 days",Twitter for iPhone,Negative,0
sprectranet,2020-06-21 19:48:41+00:00,tried downloading this yesterday it was showing me 2days and 12hours. spectranet your father,Twitter for iPhone,Negative,0
sprectranet,2020-05-04 18:45:02+00:00,please suggest a new isp for me spectranet are bunch of idiaaaat ğŸ˜­ğŸ˜«ğŸ˜«...,Twitter for iPhone,Negative,0
sprectranet,2019-01-19 13:13:44,spectranet is a really shitty network spectranet_ng i'm so disappointed,Twitter for iPhone,Negative,0
sprectranet,2020-03-29 21:43:47+00:00,"yemi909 rakspd spectranet_ng airtelnigeria when i get spare change, i will do just that",Twitter for Android,Neutral,1
sprectranet,2020-12-18 10:11:06+00:00,"so it has gotten to this point ahn? spectranet_ng just sent me this notification and i am like, na so government sha want frustrate us ehn.",Twitter for Android,Neutral,1
sprectranet,2020-03-29 11:38:05+00:00,spectranet is awful,Twitter for iPhone,Negative,0
sprectranet,2020-04-04 08:49:34+00:00,zimmani jerrierotimi spectranet_ng they're all the same,Twitter for iPhone,Neutral,1
sprectranet,2020-05-16 22:50:33+00:00,na gprs una dey run me no lie spectranet_ng,Twitter for iPhone,Negative,0
sprectranet,2019-06-02 21:31:30,spectranet_ng spectranetlte the most useless and stupid networkâ€¼ï¸ stupid people... #acemifi is the worst #scam,Twitter for iPhone,Negative,0
sprectranet,2019-09-09 18:52:16,man if i ever sub on this spectranet_ng again make my sperm turn water. fucking had it with their incompetence,Twitter for iPhone,Negative,0
sprectranet,2020-04-03 13:05:42+00:00,iam_olusanya omo_west12 spectranet_ng i should give you away to what exactly?,Twitter for Android,Neutral,1
sprectranet,2019-04-24 22:13:51,spectranet_ng i'm really tired of this crippled network lately. fix up!!,Twitter for Android,Negative,0
tizeti,2020-03-13 00:45:09+00:00,nejeebbello isnotpolitics tizeti talk oh,Twitter for Android,Neutral,1
sprectranet,2019-08-30 12:02:09,deuxsvelte yea that's where i went to. which of the spectranet do you have?,Twitter for iPhone,Neutral,1
sprectranet,2019-06-24 10:49:09,all but that plan won't last upto two weeks... but ive been getting positive review about spectranet... dunno much about them though.,Twitter for Android,Positive,2
tizeti,2020-02-27 16:50:16+00:00,"after more than 21 minutes of call, wifisupport1 tizeti didn't pick my call. have you guys blacklisted my number? anyway, as usual, the internet is bad again and unusable. please help us adjust it like you did the last time. since it's your delight that we beg you every time",Twitter for Android,Negative,0
sprectranet,2020-04-03 12:59:27+00:00,"onioyewole1 spectranet_ng baba, be like you go gimme some of this ya oxygen oooo. i need air",Twitter for Android,Neutral,1
sprectranet,2020-06-26 06:15:47+00:00,gue_varo drjoeabah islimfit spectranet_ng why were you shocked?,Twitter for Android,Neutral,1
sprectranet,2020-05-16 08:30:48+00:00,"torh i don't know. once i connect my spectranet to my laptop like this that's like 2gb gone (within 20 mins), i worked from home through out this week with my hotspot and my data is still much",Twitter for iPhone,Negative,0
sprectranet,2019-08-06 06:36:36,daslimfop spectranet_ng i've started exploring other options tbh. 10k monthly in this economy is no joke....i can't be paying that much and not even enjoy what i'm paying for. their usefulness in the past couple of weeks has been reducing on a daily basis.,Twitter for Android,Negative,0
sprectranet,2020-05-21 16:18:40+00:00,ganji118 officialbambam4 spectranet_ng i agree,Twitter for Android,Neutral,1
sprectranet,2019-07-11 12:06:10,does your sim card work on phones? spectranet_ng,Twitter for Android,Neutral,1
sprectranet,2020-03-30 13:44:05+00:00,drolufunmilayo airtelnigeria 9mobileng mtnng gloworld ntelcare ntelng spectranet_ng cobranetisp mainoneservice ipnxtweet #cutdataprices #cutdataprices #cutdataprices #cutdataprices #cutdataprices #cutdataprices #cutdataprices #cutdataprices #cutdataprices,Twitter for Android,Negative,0
sprectranet,2019-08-30 10:40:47,spectranet trust me i can assure you don't try smile ğŸ˜ƒ,Twitter for iPhone,Positive,2
sprectranet,2019-08-29 09:42:55,spectranet_ng good day please i will like to know how strong is your network in alapere area of lagos state. oriola axis to be precise,Twitter for Android,Neutral,1
sprectranet,2020-06-02 09:10:46+00:00,is spectranet doing 100% today?,Twitter for iPhone,Neutral,1
tizeti,2020-09-23 22:53:02+00:00,"the network reception happens to be very poor in the onike area of lagos and a tizeti representative advised that we apply for a refund via mail . (series of emails have been sent , but tizeti haven't done the needful )",Twitter for Android,Negative,0
sprectranet,2020-06-25 22:16:47+00:00,"drjoeabah spectranet_ng i'm currently building a business... several hours of planning and designing on paper... the only thing that is certain is how i will make sure that i do everything i've promised my customers. i can't live with it, i wonder how these companies do it. teeniken",Twitter for iPhone,Negative,0
sprectranet,2020-03-16 05:39:09+00:00,spectranet_ng definitely needs to pay for this pain and suffering they've put me through in the past month. i spend an average of 45k every two months for this trash internet.,Twitter for Android,Negative,0
sprectranet,2020-10-27 09:01:12+00:00,cchukudebelu spectranet_ng huawei,Twitter for Android,Neutral,1
tizeti,2020-10-21 20:06:05+00:00,omo my network no go since morning both airtel and tizeti can't even recharge my 9mobile,Twitter for iPhone,Negative,0
sprectranet,2020-02-26 14:10:32+00:00,eyitayofajinmi spectranet_ng very poor coverage in ikate. very poor ğŸ’”ğŸ’”ğŸ’”,Twitter for Android,Negative,0
sprectranet,2020-03-27 13:43:27+00:00,spectranet has been terrible,Twitter for Android,Negative,0
sprectranet,2019-09-09 19:21:55,"spectranet_ng globacomnigeria i have sent you something on the frustrating experience through your seflcare portal after several complaints and a visit to your bode thomas office. pls fix it today and forever...otherwise, i port",Twitter for Android,Negative,0
tizeti,2020-06-25 20:31:42+00:00,"jideofod rikko007 wifisupport1 tizeti that's because they boarded too much customer in march when lockdown was in effect. they didn't increase capacity, they keep lying about things that are not.",Twitter for iPhone,Negative,0
sprectranet,2019-05-05 05:26:03,spectranet_ng you owe me 10gb,Twitter for iPhone,Neutral,1
sprectranet,2020-06-26 06:22:48+00:00,"atoyebibamidel2 dzinkuz drjoeabah spectranet_ng ntelng my brother, if you stay in lagos invite me to come this weekend. i'm telling you what i know, it's capped. even ask their customer care.",Twitter for Android,Neutral,1
sprectranet,2020-12-07 19:53:56+00:00,another good day to remind y'all that spectranet_ng is trash,Twitter for Android,Negative,0
tizeti,2019-10-01 13:39:44+00:00,tizeti my internet is still not working. you are costing my money. i've had to subscribe on my other internet since saturday and i know how much i have spent. ğŸ¤¦â€â™‚ï¸ğŸ¤¦â€â™‚ï¸ğŸ¤¦â€â™‚ï¸ğŸ¤¦â€â™‚ï¸,Twitter for iPhone,Negative,0
sprectranet,2020-04-06 14:31:54+00:00,anyone in surulere using smile network? spectranet has been quite unfortunate,Twitter for iPhone,Negative,0
tizeti,2020-02-15 08:56:36+00:00,henreeneo tizeti airtelnigeria yeah,Twitter for Android,Neutral,1
sprectranet,2019-12-22 11:19:01,spectranet has been really shitty lately,Twitter for iPhone,Negative,0
sprectranet,2020-04-15 15:23:24+00:00,spectranet_ng yinkar_44 but maziibe_ is always complaining and i believe most of what he says.. so wetin go come sup now?,Twitter for Android,Negative,0
sprectranet,2020-05-22 20:27:28+00:00,spectranet_ng bet why? i have paid ... connect me now,Twitter for Android,Neutral,1
sprectranet,2020-03-24 21:17:52+00:00,mtnn mtnng and spectranet if you guys are not going to dash us data atleast come correct on your services. we can't be wasting money in these glorious times.,Twitter for Android,Negative,0
sprectranet,2020-12-03 08:30:50+00:00,"spectranet_ng what kind of service is #spectranet_ng delivering nowadays? it's been a week since i've had any network service on any of my devices (cpe & mini) at #yaba, onike precisely. multiple calls to the customer care lines, but just empty promises to look into it. shame!",Twitter for Android,Negative,0
sprectranet,2019-07-28 23:13:04,bumbabilii spectranet baby lool,Twitter for iPhone,Neutral,1
sprectranet,2020-01-28 13:23:22+00:00,"customer reps over the phone spectranet_ng, usually hv helpful responses, but today, twas like both ladies i spoke with had awful meetings with their boss. it's funny how they end the call with ""thank you for choosing spectranet"" without even letting me finishğŸ™„ m_customerfirst",Twitter for Android,Negative,0
sprectranet,2020-12-21 19:27:35+00:00,spectranet_ng what is going on?? where is my data?,Twitter for Android,Negative,0
sprectranet,2020-03-31 14:34:09+00:00,companies in the same useless category during this quarantine period: 1ï¸âƒ£ nepa aka phcn phcnnigeria 2ï¸âƒ£ spectranet_ng very useless.,Twitter for iPhone,Negative,0
sprectranet,2019-01-20 03:13:05,nonsobassey thelexash spectranet_ng mine isn't working at all ğŸ˜ª trash network,Twitter for iPhone,Negative,0
sprectranet,2020-07-03 14:07:44+00:00,please does anyone know how spectranet_ng insurance claim works? the thing be like scam like this oh.,Twitter for iPhone,Neutral,1
tizeti,2020-04-14 17:54:54+00:00,this internet hasn't worked all day. wifisupport1 tizeti,Twitter for iPhone,Negative,0
sprectranet,2020-08-06 21:48:30+00:00,this game dey hungry me tonight but spectranet dey do oriiibu at the moment,Twitter for iPhone,Negative,0
sprectranet,2020-10-29 15:42:02+00:00,spectranet_ng wetin dey happen gan gan ? the service since monday has been super horrible ...,Twitter for Android,Negative,0
sprectranet,2020-08-29 12:56:32+00:00,dejokecarew spectranet?,Twitter for iPhone,Neutral,1
sprectranet,2020-09-03 17:56:32+00:00,i was not told spectranet network is now shitty ehhh,Twitter for iPhone,Negative,0
sprectranet,2019-08-16 20:20:22,"hello spectranet_ng please, the network quality has been rather poor in my 2 prominent locations (papa ajao and oregun) in the last 2 months, especially from 3pm it's getting embarrassing when i have to call that network hasn't let me recieve important emails ğŸ™‚",Twitter for Android,Negative,0
sprectranet,2020-04-04 02:25:55+00:00,teebouiie saintlumy mstifey spectranet is super horrible since covid 19 started seems their network has the virus ğŸ¦ ,Twitter for iPhone,Negative,0
sprectranet,2019-06-25 19:21:47,glo & spectranet been shiiiiit for days now.,Twitter for Android,Negative,0
tizeti,2019-08-03 19:10:32+00:00,adejokee_ tizeti same here ooo same here no internet in the same time. i'm so upset i swear,Twitter for iPhone,Negative,0
sprectranet,2019-06-22 21:58:01,spectranet can misbehave sha when you needed it..,Twitter for Android,Negative,0
sprectranet,2020-04-02 16:25:43+00:00,"more than15 hours without social media. spectranet_ng did the most with their shitty network today. literally haven't done any efficient work all day. then iphone reset did its own too, taking me back to january cos of icloud misbehaviour. ğŸ¤¦ğŸ½â€â™€ï¸ i forgive you all.",Twitter for iPhone,Negative,0
sprectranet,2020-06-26 14:14:02+00:00,savvyrinu i would have recommended spectranet but they are terribly slow of late,Twitter for iPhone,Negative,0
sprectranet,2020-01-21 18:03:03+00:00,spectranet's network has been terrible. every thing is a problem in this country.,Twitter for Android,Negative,0
sprectranet,2020-07-28 22:17:48+00:00,i have finally been delivered from spectranet! thank you lord,Twitter for iPhone,Negative,0
sprectranet,2019-12-26 05:20:38,dear spectranet_ng what's up with your network?? been down since last night.,Twitter for Android,Negative,0
tizeti,2020-02-20 09:14:36+00:00,"caxtonjp sirwolx tizeti my thoughts exactly. look me now wey no dey do dstv, i am solely a data guy, these ucl nights, i had my spectranet and airtel on at the same time. laptop on airtel, tv on spectranet. omo airtel just dey stream smooth, spectranet na wa. it was frustrating.",Twitter for Android,Negative,0
sprectranet,2019-07-19 12:52:01,"according to spectranet, if you stay around awoyaya, lakowe, bogije and beyond you are not on lagos map ğŸ¤”ğŸ¤”ğŸ¤”",Twitter for iPhone,Neutral,1
tizeti,2019-05-26 19:32:50+00:00,"tizeti your network is trash... i can't open any website, netflix can't load on the tv. phew",Twitter for iPhone,Negative,0
sprectranet,2019-04-03 23:06:27,socrateserasmus mtnng gonna buy spectranet tomorrow! mtn has made me finish my house rent ğŸ˜©ğŸ˜©ğŸ˜­,Twitter for iPhone,Positive,2
sprectranet,2019-01-11 07:59:24,spectranet_ng account was made active yesterday by the agent in yaba. i could only use it in yaba but no signal when i get home(ilupeju). my concern is about using it at home which was the reason i made the purchase. how may you help on that?,Twitter for Android,Negative,0
sprectranet,2019-06-28 11:14:25,"dear spectranet_ng i got this message from you guys dear customer, data subscribed on your userid has been exhausted. pls renew/upgrade & enjoy continuity of plan benefits.t&c apply i have up to 13gig left. is this the new marketing trend now??",Twitter for Android,Neutral,1
sprectranet,2019-03-13 13:31:35,modelina the best! spectranet 12k5 monthly tizzeti 9k5,Twitter for iPhone,Positive,2
sprectranet,2020-07-26 09:45:49+00:00,spectranet_ng are you people normal now ?,Twitter for iPhone,Negative,0
sprectranet,2019-06-05 17:38:49,ayomikun_o_ yoruba_dev spectranet_ng i'm.yet to turn on mine today if i do i'd join in defs,Twitter for Android,Neutral,1
tizeti,2020-04-07 16:51:55+00:00,tizeti i'm not enjoying this network. subscribed for 2months so i can work from home but it's really frustrating,Twitter for iPhone,Negative,0
sprectranet,2020-07-09 09:40:44+00:00,"mtn , spectranet you guys need deliverance! ğŸ¤¦ğŸ½â€â™€ï¸",Twitter for Android,Negative,0
sprectranet,2020-04-03 13:05:20+00:00,omo_west12 spectranet_ng i don help you tell spectranet_ng na,Twitter for Android,Neutral,1
sprectranet,2020-08-06 21:47:35+00:00,myaccessbank hello please i can't seem to find the spectranet option on the #accessmore application.,Twitter for iPhone,Neutral,1
sprectranet,2019-06-01 15:54:32,me waiting out spectranet to offer double data before i subscribe,Twitter for Android,Neutral,1
tizeti,2020-06-25 20:29:28+00:00,"dynmsy wifisupport1 tizeti fccpcnigeria this is their new style, they used to be good with emails. now they are pathetic. my subscription expires today, the last of my money they'll have.",Twitter for iPhone,Negative,0
tizeti,2020-02-15 21:56:09+00:00,"have netflix, have wifi but still bored because tizeti is running at 23kbps so i cant watch nothing. i'm frustrated o",Twitter for Android,Negative,0
tizeti,2019-08-24 21:41:06+00:00,techpointdotng theenike tizeti smoooth,Twitter for iPhone,Neutral,1
sprectranet,2019-09-09 19:05:48,officialkome_ spectranet_ng this people don frustrate me finish kai. i'm tired,Twitter for iPhone,Negative,0
tizeti,2020-10-16 09:44:35+00:00,wifisupport1 tizeti now am enjoying what i paid for. kudos #endsars,Twitter for iPhone,Positive,2
tizeti,2020-03-30 18:22:37+00:00,tizeti have decided not to come install my internet tizeti,Twitter for Android,Negative,0
sprectranet,2020-05-15 14:30:27+00:00,spectranet_ng had to switch to my mobile network to send this tweet.,Twitter for Android,Negative,0
tizeti,2019-08-30 21:59:02+00:00,bashirobasekola tizeti wifisupport1 thanks uncle. how are you doing sir?,Twitter for iPhone,Neutral,1
sprectranet,2019-08-21 05:40:18,what is that link that use in checking internet speed abeg?? i need to send this nonsense to spectranet_ng,Twitter for iPhone,Negative,0
tizeti,2019-05-05 01:42:59+00:00,benjamin_alamu swift4glte ntelng surprisingly wifi.com.ng is very good where i stay no issues whatsoever,Twitter for Android,Positive,2
sprectranet,2019-12-31 15:53:50,spectranet_ng wiped out 15gb of data in 2days on a line associated with a pos device that has an average daily traffic of about 30mb. i have asked for concrete details of what happened from the 29th till today before taking further action. ngcomcommission,Twitter for Android,Negative,0
tizeti,2020-07-07 22:35:29+00:00,ajepintos lol. i give up fam. tizeti is useless,Twitter for iPhone,Negative,0
tizeti,2020-04-06 10:05:52+00:00,wifisupport1 tizeti how far???,Twitter for Android,Neutral,1
tizeti,2019-02-28 11:10:28+00:00,is there any internet service provider in nigeria that offers unlimited data for a month with no cap ? asides tizeti please,Twitter for iPhone,Negative,0
sprectranet,2020-05-17 17:19:23+00:00,"double data recharge on spectranet. get double the amount for today recharge only... #truth761x  lagos, nigeria",Instagram,Neutral,1
sprectranet,2019-05-14 18:21:02,jameslantern2 spectranet?,Twitter for iPhone,Neutral,1
tizeti,2019-10-10 17:12:37+00:00,khidkhordi that website be acting like an amber alert though. like a sign of things to come. at least tizeti get fine ui,Twitter for Android,Positive,2
tizeti,2019-02-28 10:48:24+00:00,ycombinator kananyi socialcapital mwseibel ace_company only tizeti offers a 4g internet service that cannot even load whatsapp status. there's not one single thing this telecom service provides but mediocrity. top notch mediocrity,Twitter for iPhone,Negative,0
sprectranet,2020-06-21 08:42:47+00:00,"deejay_klem smilecomsng well this means i will stick with spectranet_ng . sigh, the devil you know.",Twitter for iPhone,Negative,0
sprectranet,2020-03-24 09:57:42+00:00,__nasarr i dey reason activate my spectranet coz 15gb on airtel barely last me more than a week ğŸ¤·â€â™‚ï¸,Twitter for iPhone,Neutral,1
sprectranet,2019-05-04 12:30:02,"spectranet_ng please don't let us be unfortunate this afternoon, i have plenty work to do and your internet is not even working. location is yaba. let's be guided please, thanks!",Twitter for iPhone,Negative,0
sprectranet,2020-05-21 16:18:09+00:00,confyscenty officialbambam4 spectranet_ng leemao. i actually bought an ntel sim o. used them for 2 days and dumped them.. they're not different from spectranet,Twitter for Android,Negative,0
sprectranet,2020-02-01 18:39:02+00:00,spectranet_ng i would like to switch to your services. is it possible to purchase just a sim card from your outlets. i have too many unused modems sitting around.,Twitter for Android,Neutral,1
sprectranet,2020-01-16 18:30:11+00:00,realdanielemeka spectranet,Twitter for iPhone,Neutral,1
sprectranet,2020-03-12 08:56:02+00:00,spectranet_ng is today double data please ğŸ˜Š,Twitter for Android,Neutral,1
tizeti,2019-10-30 20:43:04+00:00,funmiistic tizeti internet service provider.,Twitter for Android,Neutral,1
sprectranet,2019-05-25 00:13:24,spectranet would not allow me to be great ğŸ˜•,Twitter for Android,Negative,0
sprectranet,2019-07-31 20:53:01,spectranet and their stupid network.. mtcheew,Twitter for iPhone,Negative,0
tizeti,2019-11-12 18:11:06+00:00,tizeti 997122 is the ticket number. internet has been down since yesterday and you guys kept lying that the issue is fixed. i'm frustrated and tired of your style. i have to battle with epileptic service every other day. if you guys are not ready. just pack it up and go ğŸ¤¦â€â™‚ï¸ğŸ¤¦â€â™‚ï¸ğŸ¤¦â€â™‚ï¸,Twitter for iPhone,Negative,0
sprectranet,2020-04-09 14:40:55+00:00,khadijattinuke spectranet,Twitter for iPhone,Neutral,1
tizeti,2020-03-13 05:50:31+00:00,tizeti tizeti is not a good isp i've been experiencing this for almost 48 hours and it still continues,Twitter for Android,Negative,0
sprectranet,2020-11-27 21:28:20+00:00,spectranet subscriptions is the reason i don't own a car yet! ğŸ˜”ğŸ˜”ğŸ˜”,Twitter for Android,Neutral,1
tizeti,2020-01-27 22:38:39+00:00,theshalvah my tizeti has been awesome since i got back,Twitter for Android,Positive,2
tizeti,2019-08-04 20:03:25+00:00,"wifisupport1 tizeti i should create a ticket again, i called customer service. they said it would be looked into. still not working.",Twitter for Android,Negative,0
sprectranet,2020-01-20 16:49:36+00:00,spectranet giving me more reasons why i shouldn't renew my subscription this month ğŸ˜‘,Twitter for Android,Negative,0
sprectranet,2020-04-15 00:49:50+00:00,is spectranet having network issues?,Twitter for iPhone,Neutral,1
sprectranet,2020-07-13 09:34:37+00:00,tejuadeyinka spectranet_ng i'm going to thier office today cos i can't be downloading at 40kb per second,Twitter for Android,Negative,0
sprectranet,2019-01-04 14:44:03,spectranet unlimited. value for money,Twitter for iPhone,Positive,2
sprectranet,2020-06-17 13:32:28+00:00,"from 30th may to date mtn mifi - 10k spectranet - 10,250 smile - 24,000 mtn mobile data - roughly 5-7k both mtn (14k) and smile mifi(14,500) were bought within the last one month. spectranet deceived me ğŸ˜¢ isps have frustrated me",Twitter for iPhone,Negative,0
sprectranet,2020-05-12 16:51:44+00:00,spectranet_ng fritzthejanitor will they help me attend to other issues as well?,Twitter for iPhone,Neutral,1
sprectranet,2019-02-27 18:59:31,"thefunkydee spectranet_ng i'm giving spectranet_ng a second thoughts with this, i'm this thinking of switching from smile to spectranet_ng and this doesn't looks good. what would you advise me to do?",Twitter for iPhone,Negative,0
sprectranet,2020-04-03 12:55:27+00:00,"50gb gone in one week, spectranet_ng na so? i am just tired.",Twitter for Android,Negative,0
