ISP_Name,Time,Text,Source,sentiment
sprectranet,2020-02-04 18:30:35+00:00,My family used my spectranet and they don't want to help my ministry now it has finished. @Spectranet_NG abeg how will I change my password.,Twitter for Android,Neutral
sprectranet,2019-06-19 04:59:49,@Spectranet_NG How can I get the freedom mifi in Ajah today https://t.co/CWet1AR3Vd,Twitter for iPhone,Neutral
sprectranet,2020-03-30 07:57:38+00:00,@DrOlufunmilayo @iconic_remi @Spectranet_NG,Twitter for iPhone,Neutral
sprectranet,2020-12-31 21:07:52+00:00,"@Spectranet_NG Your response just proves how horrid your customer service is. Rather than ask what my issue is to help resolve, you render an apology. Apology accepted!. Now can you actually proffer solution? I am really disappointed with your services and attitude to customers",Twitter for Android,Negative
sprectranet,2020-09-03 23:09:09+00:00,"Spectranet is just the worse tbh, I canâ€™t even watch a 5min video without serious laggingğŸ˜«ğŸ˜«ğŸ˜«ğŸ¤¦ğŸ½â€â™‚ï¸",Twitter for iPhone,Negative
sprectranet,2019-01-13 15:57:15,@Spectranet_NG #dontusespectranet Incredibly poor network coverage and connectivity coupled with swift cellular data drain and extremely rude customer service representatives earn this cruel joke of a network a subzero rating. I definitely wouldn't recommend this excuse for a network to anyone. Probably is the product of professional scammers determined to separate people from their hard-earned cash.,Twitter for Android,Negative
tizeti,2020-04-14 21:37:27+00:00,"@buddah24 @AdebayOrisirisi @wifisupport1 @tizeti You know people in abusive relationship always hope that tomorrow will be better but when tomorrow comes, the story will still be the same... So, he will still be with his lovely network tomorrow and tweet at them.",Twitter for Android,Negative
sprectranet,2020-11-06 00:26:13+00:00,@Spectranet_NG  isn't a worthy company anylonger.,Twitter for Android,Negative
sprectranet,2020-08-05 14:09:13+00:00,"@Spectranet_NG 

Itâ€™s a disgusting customer service Festac  branch.

Was directed to Mr Samuel to attend to me but he chooses to go eat and host while I wait for 23 mins and counting. Havenâ€™t even been told how long I will wait.

Internal customer service poor let alone external",Twitter for iPhone,Negative
sprectranet,2020-02-13 16:41:58+00:00,@TheRealMusty @ToolzO @Spectranet_NG Baba today is double data.,Twitter for Android,Neutral
sprectranet,2019-09-06 16:21:10,Nothing as frustrating as terrible network and Spectranet is taking the piss right now,Twitter for iPhone,Negative
sprectranet,2020-03-29 18:34:55+00:00,"@adarpt37 @hismyel @tobiomoty @DaddyHassler @FIFAeWorldCup @Spectranet_NG There's a process , we need to be part of that process",Twitter for Android,Neutral
tizeti,2019-12-07 22:02:21+00:00,Airtel and Tizeti have failed me #AJRuiz2 #AnthonyJoshua,Twitter for Android,Negative
sprectranet,2020-09-01 21:23:18+00:00,@shawttynatt Even Glo and Airtel. If not for Spectranet that is doing the rescue.,Twitter for Android,Positive
tizeti,2020-06-03 22:47:08+00:00,Cant even get internet to do my work ğŸ¤¡ğŸ¤¡ğŸ¤¡ğŸ¤¡ğŸ‘¿ @tizeti,Twitter for Android,Negative
sprectranet,2019-03-25 19:18:05,@DigitalTrends @Spectranet_NG how far? are we going to get this in Nigeria?,Twitter for Android,Neutral
sprectranet,2020-10-01 10:20:09+00:00,"Looking at my payslip and seeing how much my employer pays for my tax really get to me, like I don't benefit this amount you're paying.
This amount with 2k addition could make a sub on @Spectranet_NG for a month
I'm been abused and maltreated by this country to be paying such tax",Twitter for Android,Neutral
sprectranet,2020-09-11 10:25:24+00:00,"@Ziniiex @Spectranet_NG Hi zinnie, give me ur user Id, Iâ€™ll send it to my former colleagues there to help u suspend the account or better still send an email to care@spectranet.com.ng highlighting ur user ID on the subject , request for immediate suspension of account. Cheers",Twitter for iPhone,Neutral
sprectranet,2019-05-20 12:22:17,@Spectranet_NG hwfa? Why so slow???,Twitter for Android,Negative
tizeti,2020-03-12 06:58:52+00:00,@wifisupport1 @TweetMrSly1 @tizeti #fucktizeti,Twitter for Android,Negative
sprectranet,2020-04-04 02:37:31+00:00,Day or Night @Spectranet_NG remain useless ğŸ¤¦ğŸ½â€â™‚ï¸,Twitter for iPhone,Negative
sprectranet,2020-04-04 13:55:27+00:00,"I have been trying to do an upload since!!
Mtn and Spectranet please na!!",Twitter for iPhone,Negative
sprectranet,2020-03-27 09:02:59+00:00,"@dre81us Wow, sorry about this.
Spectranet works great for my building.
I have my Airtel line loaded as backup but I haven't had to use it yet",Twitter for Android,Positive
sprectranet,2019-08-20 17:17:21,@Clan_Clueless Ah was asking about them online yesterday before paying this stupid Spectranet. How far? Are they any good bro?,Twitter for iPhone,Negative
sprectranet,2019-09-15 06:34:06,"Ahhh, @Spectranet_NG gave me free birthday data! Turn uppp! ğŸ’ƒğŸ¾ğŸ’ƒğŸ¾",Twitter for Android,Positive
sprectranet,2019-12-26 21:59:56,Mtewww.....this was my predicament before I bought @Spectranet_NG jeje! https://t.co/v1KFO4Wy6G,Twitter for Android,Positive
tizeti,2020-01-28 08:03:45+00:00,@mrtoluabiodun @tizeti ğŸ˜­ğŸ˜­ğŸ˜­,Twitter for iPhone,Neutral
tizeti,2020-03-12 23:35:36+00:00,"@rabbi_oceans @isnotpolitics @tizeti Bros, I no wan talk this morning.",Twitter for Android,Neutral
sprectranet,2020-05-03 07:16:02+00:00,@DeGentleman_ Come to spectranet ğŸ˜ŒğŸ˜Œ,Twitter for iPhone,Positive
tizeti,2019-11-13 10:48:45+00:00,@sunday104 @tizeti @wifisupport1 @NgComCommission @CACCOT1 @BabajideOtitoju @segalink The other guy is collating history of failure. I just decided not to engage gim again when they are done. I am expecting call for next service subscription. Failure and sorry people.,Twitter for Android,Neutral
sprectranet,2020-12-02 15:26:51+00:00,Let me just transfer money for my next subscription to my Spectranet purse before story will enter...,Twitter for iPhone,Neutral
sprectranet,2020-09-01 06:58:51+00:00,Spectranet no dey fear God.,Twitter for iPhone,Negative
sprectranet,2019-05-02 03:30:18,"@EneSoulfood Depend on the kind of mifi
Smile is 9800
Spectranet is like 15k",Twitter for Android,Neutral
sprectranet,2020-04-11 09:21:42+00:00,My spectranet data don finish. Like how ğŸ˜­ğŸ˜­ğŸ˜­. Changing my password,Twitter for iPhone,Neutral
sprectranet,2020-05-05 22:54:46+00:00,Spectranet is shit,Twitter for iPhone,Negative
sprectranet,2019-04-20 17:32:49,"@TheFJAY_ Sigh
What's better
I just renewed abeg
Spectranet has been shit since January",Twitter for Android,Negative
sprectranet,2019-07-11 12:33:10,"@Mr_pePRO Nothing oh i miss spectranet noni.

I'm a platinum member and my sim just dey waste for house",Twitter for Android,Positive
sprectranet,2020-11-25 21:59:56+00:00,I need vip72 and Spectranet subscription.,Twitter for Android,Neutral
sprectranet,2020-04-28 21:46:06+00:00,"@kunleeko @drdammie @Gidi_Traffic @PlentyGadgets @DrJoeAbah @Omojuwa Bros, pls which part of Lagos do u live?

Spectranet showed me pepper which i endured for 1yr even tho I'd been a loyal customer for over 5yrs. Yet they showed wifey &amp; i nonsense. 

Switched to FibreOne last Oct.2 &amp; now i watch YouTube w/out buffer.

Pls consider them instead.",Twitter for Android,Negative
tizeti,2019-02-07 22:37:18+00:00,"@wifisupport1 @tizeti 
I had made some complaints here some days back. So after the technical team fixed my issue.bthis is the current speed at off peak period. And to think I just stupidly renewed subscription today is pathetic. I can't tolerate this speed for 30days",Twitter for Android,Negative
ipnx,2020-11-20 01:13:42,@adefola09 They said they donâ€™t have coverage at my side oo... thinking of getting ipnx,Twitter for iPhone,Neutral
sprectranet,2020-04-13 23:20:20+00:00,"Omo
I've been wallowing in ignorance,appaz my spectranet sub had elapsed 100gb and I didn't even realize and I've been ranting about bad service meanwhile they have another package for 19k that is 500gb and I've been doing 100gb for 18k
E be things o",Twitter for iPhone,Negative
sprectranet,2020-01-04 16:20:15+00:00,@aniruoje Buy @Spectranet_NG,Twitter for Android,Positive
tizeti,2019-12-04 16:55:05+00:00,@ToluOrekoya @tizeti @wifisupport1 Jokes,Twitter for Android,Neutral
tizeti,2020-05-05 00:57:19+00:00,"@ConsumersNCC @wifisupport1 @tizeti Last week, I couldn't stream on netflix or download files.this week it has gotten so bad,I cannot see videos on social media even though the speed is suspiciously reading as fast.they claim to resolve it, two days later it goes right back.
Very reminiscent of nitel tossed lines.",Twitter for Android,Negative
sprectranet,2020-12-10 23:07:04+00:00,@Spectranet_NG how did I go from 26gb last night to 5gb today and I supposedly have free night browsing from 1am to 7am?,Twitter for iPhone,Negative
sprectranet,2019-08-05 10:50:41,"@Spectranet_NG No wahala.
Thank you.",Twitter for iPhone,Neutral
sprectranet,2020-04-04 11:59:42+00:00,@SaefhenryOsas @Spectranet_NG ğŸ¤£ğŸ¤£ those ones na scam ğŸ¤£,Twitter for iPhone,Negative
sprectranet,2020-05-15 19:10:05+00:00,@Spectranet_NG please can you confirm if I have double data deal on my device?,Twitter for iPhone,Neutral
sprectranet,2020-09-15 21:02:02+00:00,"@Spectranet_NG hello Spectranet, you people called me today to advertise and remind me to top up and subscribe for another monthly data that I will have double of what I did but alas it wasnâ€™t what you guys did. You guys uploaded this list but none is found in your app. https://t.co/cBIfIl7spC",Twitter for iPhone,Negative
sprectranet,2020-08-18 20:48:13+00:00,"@Spectranet_NG Good evening, pls what's happening, ur network just off the radar...",Twitter for Android,Negative
tizeti,2020-01-07 21:58:48+00:00,"I want to get TIZETI.

Who else uses them?

Pls give me before I call them and part with my small money.",Twitter for Android,Neutral
sprectranet,2020-05-30 18:33:35+00:00,@AneneTochukwu @Spectranet_NG LOL can't they try?,Twitter for Android,Neutral
sprectranet,2020-09-15 12:18:01+00:00,@OlatunjiYso @adeshinaHH @Spectranet_NG Well. True. But I have suffered for too long in the hands of network providers and wonâ€™t really bother if I am paying and getting the value. Spectranet used to give me bonuses that I couldnâ€™t even use ğŸ¤·ğŸ¿â€â™‚ï¸,Twitter for iPhone,Negative
sprectranet,2019-10-15 09:31:25,Spectranet ğŸ˜¡ğŸ¤¬,Twitter for iPhone,Negative
sprectranet,2020-03-29 18:51:55+00:00,"@adarpt37 @hismyel @tobiomoty @DaddyHassler @FIFAeWorldCup @Spectranet_NG There's a gaming association in Nigeria, I think we should ask them what they are doing",Twitter for Android,Neutral
tizeti,2020-08-04 14:39:11+00:00,@Ozdavies @tizeti When dem go celebrate your own. Make I come shayo,Twitter for Android,Neutral
sprectranet,2019-09-11 13:50:37,All the telcos and ISPs in Nigeria are mad erratic. Except Glo and Spectranet. They're very consistent. Consistently rubbish.,Twitter for Android,Positive
sprectranet,2020-10-17 10:38:26+00:00,Spectranet site has crashed  #ReformTheNigeriaPolice https://t.co/SObcorq6lR,Twitter for iPhone,Negative
sprectranet,2020-04-29 08:41:19+00:00,@show_pez @MaziIbe_ @Spectranet_NG Lol,Twitter for iPhone,Neutral
ipnx,2020-06-21 21:08:02,@MrAdeWest Ah sucks. Theyâ€™re really good. Or try ipnx,Twitter for iPhone,Positive
sprectranet,2019-06-05 11:43:22,@OluwadamilolaOG @Femi_MartinsOG You are cheating on your darling spectranet again.,Twitter for iPhone,Neutral
sprectranet,2020-08-30 21:25:48+00:00,"@Realyinka_gold Nope, they sent a message about deactivating inactive account plus what I spend monthly on airtel will give me more on spectranet",Twitter for iPhone,Neutral
tizeti,2020-05-16 01:35:01+00:00,"@KeneSwitch @wifisupport1 @tizeti According to their terms and conditions they promise service within 24 hours, as a customer myself Iâ€™m tired of their terrible service.",Twitter for iPhone,Negative
sprectranet,2020-03-20 03:35:42+00:00,"@NgComCommission @ConsumersNCC @Spectranet_NG Hereâ€™s is to state my ordeal using @Spectranet_NG I renewed my Spectranet subscription on the 13th of this month, and just yesterday at about 4pm, 8GB had been exhausted without heavy downloads or streaming.",Twitter for iPhone,Negative
sprectranet,2019-01-06 10:30:37,Hello @Spectranet_NG what does the online mean ? https://t.co/SYrGo4kKWW,Twitter for iPhone,Neutral
sprectranet,2019-02-21 20:32:01,"Iâ€™d have to retire back to Spectranet, ğŸ™ƒ. Iâ€™m ashamed ğŸ˜­ğŸ˜©",Twitter for iPhone,Negative
sprectranet,2019-11-30 10:40:10,@Spectranet_NG fix things ğŸ™„,Twitter for iPhone,Negative
sprectranet,2020-03-18 15:09:15+00:00,Check your DM @Spectranet_NG,Twitter for Android,Neutral
tizeti,2019-09-10 03:09:26+00:00,@TobyDonut @EmzzyInteriors Do smile. Heard tizeti tear stories,Twitter for iPhone,Negative
tizeti,2020-10-03 11:25:34+00:00,"@Ripples143 @wifisupport1 @tizeti They have a LOT of downtime, like a LOT. They are making it seem as though itâ€™s free service.
I ducking pay for this, you are not doing me a favour!! ğŸ˜¡ğŸ¤¬",Twitter for iPhone,Negative
sprectranet,2019-05-21 22:08:33,@Spectranet_NG what's up with your speeds na?,Twitter for Android,Negative
tizeti,2020-09-17 16:14:08+00:00,"Tizeti is a special brand of useless, when it comes to this ISP business. WiFi dey, why am I buying mobile data to download WhatsApp video fgs?",Twitter for iPhone,Negative
tizeti,2020-07-28 23:18:21+00:00,"@SheriphSkills @wifisupport1 To be honest, just change your provider. I used Tizeti for a month and I packed it away! I have never been that disappointed at a service provider.",Twitter for iPhone,Negative
sprectranet,2020-09-23 17:54:39+00:00,Iâ€™m in a toxic relationship with spectranet.,Twitter for iPhone,Negative
tizeti,2020-04-26 16:43:36+00:00,@tizeti Tizeti has been absolutely disappointing this last week...very erratic network...they seem not to be able to handle the work from home pressures,Twitter for iPhone,Negative
sprectranet,2019-04-27 18:49:53,"Spectranet needs to reward me ğŸ˜­ğŸ˜­.
4 years ğŸ˜­",Twitter for iPhone,Neutral
sprectranet,2020-06-14 13:35:14+00:00,"@Spectranet_NG Hi, 
I collected my sister's mifi before traveling. I am not able to recharge or subscribe because I don't know the SIM number, nor the user id credentials. How can you help?",Twitter for Android,Neutral
sprectranet,2020-02-05 08:26:06+00:00,Spectranet expecting me to subscribe without sending double data offer. Jokers I want double data plus rollover so till then we wait.,Twitter for iPhone,Neutral
sprectranet,2019-11-07 00:27:46,"I'm essentially grateful for my spectranet battery strength/ health, that shit can go 9-10 hours on full charge. It's amazing",Twitter for iPhone,Positive
tizeti,2020-09-22 20:16:26+00:00,@BBNaija this is the network you are advertising on your show @tizeti @wifisupport1 they have a very poor service ... if you plan on doing abeg rethink cause it would end in premium tears ğŸ˜­ https://t.co/QRgOBulEUI,Twitter for iPhone,Negative
tizeti,2020-05-29 15:53:18+00:00,@ridwan_olalere @tizeti I agree. âœŒï¸,Twitter for Android,Neutral
sprectranet,2020-02-29 05:19:35+00:00,@Spectranet_NG Hian and I didn't get a mail notice or SMS notice?? So I can subscribe now for 10k plan and get double data??,Twitter for Android,Neutral
sprectranet,2020-05-14 06:41:43+00:00,@officialbambam4 @Spectranet_NG They lost me 2 days ago already. They're just a scam. There's no area you'll go where their internet is strong. Imagine paying 13k for data and you're struggling to even send WhatsApp messages. Dump their network as fast as you can if you want peace of mind. E go be for them sha,Twitter for Android,Negative
tizeti,2020-09-07 10:16:20+00:00,@wifisupport1 @tizeti well done ooo ... 2 hours to download 9mb .. but na broadband .. ğŸ™ŒğŸ¿ https://t.co/alU8rc6uaS,Twitter for iPhone,Negative
sprectranet,2020-04-11 08:42:34+00:00,@Obadeyemi Data that you're not using is disappearing ğŸ¤£ğŸ˜‚. @Spectranet_NG has to be a joke honestly. #SpectranetDown,Twitter for Android,Negative
sprectranet,2019-08-12 16:51:15,"@Spectranet_NG @Spectranet_NG @Spectranet_NG

Don't make me useless and ineffective again today.

10 hours gone, yet nothing meaningful has been achieved.

Fix this network, or else.

#Spectranet #BringBackMyNetwork #Spectranet #BringBackMyNetwork #Spectranet #BringBackMyNetwork",Twitter for Android,Negative
sprectranet,2019-07-23 18:51:33,"@ItsMisola Nah.
Spectranet.",Twitter for iPhone,Neutral
tizeti,2020-07-24 21:35:38+00:00,@damolaonline @wifisupport1 @tizeti Itâ€™s really emabarrasing that the service rendered is so poor,Twitter for iPhone,Negative
sprectranet,2020-03-26 17:07:05+00:00,@Spectranet_NG hello please can I add multiple devices to the same account?,Twitter for iPhone,Neutral
tizeti,2020-06-28 16:58:04+00:00,"@wifisupport1 abi @tizeti 
Plsss oooooo...... give me wifi I just renewed my subscription and now I have no wifi..... why?????",Twitter for iPhone,Negative
sprectranet,2020-04-04 02:38:38+00:00,Value for money @Spectranet_NG be reasonable for once ğŸ™ğŸ¾,Twitter for iPhone,Negative
sprectranet,2019-11-12 08:27:23,@IamDreal_TIG @Spectranet_NG @itsdaybor Smfh,Twitter for iPhone,Neutral
tizeti,2020-07-14 12:59:52+00:00,"After buying data see Airtel telling me â€œnow that I have data, I should watch one tin one tin. Are you people actually ok? Itâ€™s kukuma not your fault, itâ€™s that crippled Tizeti I blame.",Twitter for iPhone,Negative
sprectranet,2019-08-22 22:36:51,"@The_cocoreidh Spectranet. For optimized speed tests, I get like 200ms ping",Twitter for Android,Neutral
sprectranet,2019-01-18 22:22:16,@UMEHoma @Spectranet_NG @CPCNig @SANNigeria @FCC And those their representatives will be calling somebody using sweet voice ğŸ¤¦â€â™‚ï¸ğŸ¤¦â€â™‚ï¸,Twitter for iPhone,Neutral
sprectranet,2020-04-06 05:33:50+00:00,"@AnthonyVine DM location &amp; time Biko.

Spectranet has put me to shameğŸ˜¢ğŸ˜¢",Twitter for Android,Negative
sprectranet,2020-12-16 10:43:31+00:00,@AirtelNigeria just wanted to let you know that many of us did not register with NIN... So if you like go and disconnect our lines... I will go and carry spectranet and continue my internet o... Whatsapp call dey.. Na u ppl go Sabi una your matter o!... https://t.co/B268nkjpNv,Twitter for Android,Neutral
tizeti,2020-05-25 14:54:16+00:00,"Hi @tizeti the mail below was sent few minutes ago, kindly look into ASAP. cc @wifisupport1 https://t.co/jUtUmXyToV",Twitter for iPhone,Neutral
sprectranet,2020-01-18 22:04:28+00:00,I have moved from Spectranet to smile to Airtel in the last 6 months but they are all trash. They are only good in the first month.,Twitter for iPhone,Negative
sprectranet,2020-06-22 12:14:06+00:00,"@lloydatiku @Spectranet_NG Disaster is an understatement 

DISASTROUS in LAGOS

@Spectranet_NG  if you cannot function anymore, please stop collected our  money!!!",Twitter for Android,Negative
sprectranet,2019-02-20 14:25:20,"Who has FAST internet and lives in Yaba? Biko help me, @Spectranet_NG is taking a whole fucking piss.",Twitter for iPhone,Negative
tizeti,2019-03-20 08:52:22+00:00,"@OladimejiOjo_ @youngboss0007 @tizeti Someone told me same back then when I just bought @GloWorld and was enjoying the services, I had to tweet commendation. Guy legit told me don't get use to it. A week after I dump the sim out of frustration. https://t.co/hf8QRLJZuu",Twitter for Android,Neutral
tizeti,2019-10-31 10:01:15+00:00,@Aweola7 @tizeti Taking their unreliable service to Ghana,Twitter for Android,Negative
sprectranet,2019-03-12 09:54:27,"I have being avoiding this but I have to close my eyes and buy a spectranet or smile WiFi.
I canâ€™t be spending this much on data.",Twitter for iPhone,Negative
sprectranet,2019-04-20 19:50:25,"Spectranet need to get their acts together before 2am on Monday, plis dear",Twitter for Android,Negative
tizeti,2019-10-01 07:47:45+00:00,"@tizeti My internet has been down for 4 days now. Stop tweeting and fix my internet. Better still, return my money and come pick up your gadgets ğŸ¤¦â€â™‚ï¸ğŸ¤¦â€â™‚ï¸ğŸ¤¦â€â™‚ï¸",Twitter for iPhone,Negative
tizeti,2019-04-08 18:33:18+00:00,@tizeti @netflix Thats not true. Your USA Ip is blocked by Netflix.,Twitter for iPhone,Neutral
sprectranet,2019-08-24 21:56:10,@ChenaOnuorah Please don't buy SPECTRANET ... I beg you in the name of God!,Twitter for Android,Negative
sprectranet,2020-09-01 21:08:51+00:00,"@Flakey_Phil @RGAMeyer Both my Airtel and Glo line.

They are both messed up right now!

Using Spectranet WiFi",Twitter for Android,Neutral
sprectranet,2019-03-28 19:13:22,"Please can you help me with the address of any spectranet shop around Oworonshoki or bariga, thank you! https://t.co/MszmXwYQvc",Twitter for iPhone,Neutral
sprectranet,2020-02-17 08:03:12+00:00,"@Spectranet_NG goodmorning 
For 2 consecutive days now,

My device has not worked.

It displays red most of the time.

Please help!!! https://t.co/zbZXaUoCc7",Twitter for Android,Negative
sprectranet,2019-12-27 15:09:08,@ToluTopsy @MTNNG @Spectranet_NG Oshey padiâ˜ºï¸,Twitter for iPhone,Neutral
sprectranet,2020-03-18 18:18:58+00:00,"@IyawoThickaBody One time spectranet called, I refused to pick because I didn't have money to subscribe  so I just ignored it like 4 times.
The fifth time, true caller showed Union bank, I picked thinking I have passed interview o only to hear 'your spectranet...ğŸ˜‚ğŸ˜‚ğŸ˜‚
They got meğŸ˜‚",Twitter for Android,Neutral
sprectranet,2019-12-04 11:03:34,@reignestt @Spectranet_NG Fam i paid for one month ... This is the third week after several mails and calls I am yet to use it and it is about to expire,Twitter for Android,Negative
sprectranet,2019-12-03 21:04:08,"@Spectranet_NG will soon finish me in this Lagos . ğŸ˜­ 

Please why canâ€™t I check my available night data?",Twitter for iPhone,Negative
sprectranet,2019-10-13 12:48:21,"@Tukooldegreat Baba spectranet na scam, the 100gb finishes in 1 week, not as if I use the data to watch porn ğŸ˜”",Twitter for iPhone,Negative
sprectranet,2019-05-25 16:42:57,Spectranet has stressed me for the last three days. I think Iâ€™ll go back to mobile data for now,Twitter for iPhone,Negative
sprectranet,2020-05-13 08:18:40+00:00,@Spectranet_NG if you can't render the service you promised to render why not just close down?. You guys are obvious a fraud.,Twitter for Android,Negative
tizeti,2019-02-07 17:29:28+00:00,@tizeti haba! Have shame na. small shame https://t.co/Lzq4DVrkPU,Twitter for iPhone,Negative
sprectranet,2019-11-13 08:54:52,@Morenike_me I have spectranet - you can try it.,Twitter for iPhone,Neutral
sprectranet,2020-01-11 02:37:43+00:00,@Spectranet_NG what's with your network?? Been down all night in aguda. Please fix asap,Twitter for Android,Negative
tizeti,2020-06-07 15:06:58+00:00,step in the right direction https://t.co/d1ahqX9i09,Twitter for iPhone,Positive
tizeti,2019-10-06 20:53:56+00:00,@iamchrisani @wifisupport1 @boycottfrauds @tizeti I hate their generic response ğŸ˜¡ğŸ˜¡ğŸ˜¡,Twitter for iPhone,Negative
sprectranet,2020-10-25 13:19:32+00:00,@Spectranet_NG your network of late ehnnnn! Nah to donate slap give una o,Twitter for iPhone,Negative
tizeti,2020-04-30 08:55:40+00:00,Tizeti is silly again. ğŸ˜‚ğŸ˜‚,Twitter for iPhone,Negative
sprectranet,2019-12-06 18:33:02,"@Spectranet_NG I canâ€™t Dm you , Iâ€™ve issues with my device",Twitter for iPhone,Neutral
sprectranet,2020-01-24 09:01:51+00:00,My spectranet is expiring in 2 days and I have 10 gig left,Twitter for iPhone,Neutral
sprectranet,2020-08-19 15:14:30+00:00,"@FBN_help Hello FBN, I made a Bill Payment for Spectranet Ltd (Internet Subscription N18,525) on 18/08/2020 Time: 13:33pm. Merchants hasnâ€™t received payment and asked to contact my Bank. @cenbank @cenbank @FirstBankngr",Twitter for iPhone,Neutral
sprectranet,2019-01-28 20:37:55,"@Spectranet_NG , are we okay at home ? https://t.co/eyb0MZ3YcK",Twitter for iPhone,Neutral
sprectranet,2020-06-23 09:50:31+00:00,Spectranet wants to frustrate me!!!!,Twitter for iPhone,Negative
sprectranet,2019-01-01 16:45:01,"How can NGN5000 be just 7gig?
Spectranet this is becoming unhealthy.

@Spectranet_NG",Twitter for iPhone,Negative
tizeti,2019-09-17 10:03:42+00:00,@tizeti how long will it take to connect my WiFi,Twitter for iPhone,Neutral
sprectranet,2020-03-31 10:22:50+00:00,@DrightSauce Spectranet is fucking me up. Since 9 o,Twitter for iPhone,Negative
sprectranet,2019-02-24 09:51:44,@Spectranet_NG Will your store at ozone open today?,Twitter for iPhone,Neutral
tizeti,2019-06-29 08:59:37+00:00,"@tizeti @wifisupport1  please kindly activate our account â€˜Laoye Abimbolaâ€™ Masha, Surulere. Paid 27/06/19. Support #649947 Paystack ref T217238200870816. It has not been activated since 27/6/19. Lost 2days already. #SayNotoPoorInternetService #SayNotoPoorCustomerService @lasgcopa",Twitter for iPhone,Negative
tizeti,2020-04-02 21:46:09+00:00,"@tizeti @wifisupport1 With all our pains, all our escalation for the entire month of March, you provided no solution whatsover.... really what has hit your network... when the service is restored we barely have 1mb/s... what on earth has gone wrong with your unlimited package",Twitter for Android,Negative
sprectranet,2020-03-29 17:28:52+00:00,@Spectranet_NG you people are really unfortunate Abeg,Twitter for iPhone,Negative
tizeti,2020-07-19 18:38:22+00:00,"Tizeti get money to advertise but can't give Internet speed that we paid for
Lmfao.",Twitter for Android,Negative
sprectranet,2020-05-10 23:53:37+00:00,@kenethelion @IdentikalTwins @SmileComsNG @Spectranet_NG @Gidi_Traffic Both ISPs should be thrown out with the bath water.....,Twitter for iPhone,Negative
tizeti,2020-08-02 19:14:22+00:00,This Tizeti ad sounds somehow to my ears.,Twitter for iPhone,Negative
tizeti,2020-07-08 07:04:29+00:00,@wifisupport1 @olamiday @Lumis0 Oya @ajepintos let us contribute our details tizeti is asking. ğŸ˜ğŸ˜ğŸ˜,Twitter for iPhone,Neutral
tizeti,2020-07-09 08:58:16+00:00,"Ntel stopped Unlimited Wifi service, I bought Tizeti two weeks ago, the network will work fine for some hours and go off for another hour or more, what did I do to deserve this stress @wifisupport1 Whatâ€™s going on with yâ€™all? My work is internet based and youâ€™re frustrating it!",Twitter for iPhone,Negative
sprectranet,2020-06-26 04:30:44+00:00,@GucciJ9 @Eshenicy @IgbokweKo @DrJoeAbah @Spectranet_NG @DStvNg I don't mind you giving me the toll free number biko.,Twitter for Android,Neutral
sprectranet,2020-04-02 14:43:39+00:00,Dear @Spectranet_NG... my device have been moving on snail speed lately... kilon shele na ...am watching you guys in 3D concave lens,Twitter for iPhone,Negative
tizeti,2020-02-14 14:46:57+00:00,"Nigeria is indeed a funny place. Businesses just increase the price of their offerings without sending an email or a newsletter.

We get to do anyhow in Nigeria because we have the mentality that ""nothing dey happen""

@tizeti; I'm really disappointed in you guys once again.",Twitter for Android,Negative
sprectranet,2019-09-09 15:29:35,@Spectranet_NG can you explain how my 50GB Spectranet data becomes so useless that I have to rely on my 200MB @GlobacomNigeria mobile data to send this tweet?,Twitter for Android,Negative
sprectranet,2020-03-31 19:04:29+00:00,Why are @MTNNG and @Spectranet_NG doing me like this in this time I need them the most.,Twitter for iPhone,Negative
tizeti,2020-06-08 08:23:31+00:00,"@_diuto @devlarri @JasonNjoku @kananyi @anti_ratrace @tizeti Lol, na that one concern you.",Twitter for Android,Neutral
sprectranet,2019-05-01 19:28:57,"Thanks to Spectranet, I havenâ€™t complained about using up my data in three days and looking for how to buy another data in months",Twitter for iPhone,Positive
sprectranet,2019-08-16 16:07:30,What's wrong with Spectranet?? ğŸ¤¦ğŸ½â€â™‚ï¸,Twitter for Android,Negative
tizeti,2019-07-30 17:01:05+00:00,"@yacim986 @wifisupport1 @madu_victor @cozzbie @tizeti Your blood dey always dey hot.

Take it easy @yacim986",Twitter for Android,Neutral
tizeti,2020-08-13 18:01:05+00:00,"Tizeti , pay for 1 month enjoy 5 days disconnected for 7days then reconnected for 3 then disconnected for 4days the  reconnected for 10days before the renewal ...

Rinse and repeat. 

I'm glad IPNX is now in my estate",Twitter for Android,Negative
tizeti,2019-10-31 10:01:59+00:00,@tizeti @netflix On your slow internet the only thing thing you would be able to see is thr trailer.,Twitter for Android,Negative
tizeti,2020-02-21 21:03:42+00:00,"@ronstanp 14Mbps is the download speed of my mobile network while 6.3Mbps is the upload speed of my mobile Internet. 

The download speed of Tizeti WiFi is 0.88Mbps.",Twitter for Android,Negative
tizeti,2019-07-17 21:55:45+00:00,Trying to enjoy my movie but tizeti out here like https://t.co/j9YAdvTBrF,Twitter for iPhone,Negative
sprectranet,2019-01-24 19:40:04,"To sleep or tune in Netflix? 
Finally back with my Spectranet ğŸ˜­",Twitter for iPhone,Positive
sprectranet,2020-10-28 09:09:29+00:00,Spectranet ğŸ¤ your internet connection is unstable (during Zoom calls),Twitter for Android,Negative
sprectranet,2019-05-29 15:59:11,"@Shamsiyya__ Dead fc, jump unto Spectranet",Twitter for iPhone,Positive
sprectranet,2019-06-21 05:58:06,"Thanks @Gidi_Traffic for helping with the poll. 
@Spectranet_NG make una do well oh. Same platform that influenced buying decision can be used to call you out oh!",Twitter for Android,Positive
tizeti,2019-12-14 08:33:35+00:00,@wifisupport1 @tizeti Ok,Twitter for Android,Neutral
tizeti,2020-06-07 14:40:11+00:00,Great Move TIZETI. https://t.co/L577Ibdfmd,Twitter for Android,Positive
sprectranet,2019-11-29 18:51:41,"@iam_chrisy @Spectranet_NG Ah theyâ€™re good but if you have issues, theyâ€™re staff can be annoying",Twitter for iPhone,Positive
tizeti,2019-05-18 16:41:44+00:00,@tizeti kindly reactivate my account.,Twitter for iPhone,Neutral
sprectranet,2020-05-20 09:53:09+00:00,"Iâ€™m using Spectranet o but the network has been shit since last week, I don sub for my glo twice in one week already ğŸ˜­ğŸ˜­ https://t.co/meRdfKCYzR",Twitter for iPhone,Negative
sprectranet,2019-09-15 07:21:28,"@aboyowa_e @Spectranet_NG Lmaoo! Na so, turn up!!",Twitter for Android,Neutral
sprectranet,2019-05-04 12:13:23,"@Spectranet_NG , see no make me swear for you! Fix your wacky internet connection around Yaba!",Twitter for iPhone,Negative
sprectranet,2019-08-22 22:41:09,@The_cocoreidh Spectranet is still trash please and smile is better.,Twitter for Android,Negative
tizeti,2020-02-27 17:36:45+00:00,@wifisupport1 @tizeti Itâ€™s the same story I was told when your team https://t.co/xNpB1mp4m6â€™s just unfortunate I wasted my money renewing,Twitter for iPhone,Negative
sprectranet,2019-05-08 11:00:54,Spectranet ooooo,Twitter for iPhone,Negative
sprectranet,2020-02-23 19:56:12+00:00,Why is it that everyone has to hang their Spectranet MiFis on their windows for it to work? Ehn?,Twitter for iPhone,Negative
sprectranet,2020-06-26 08:15:51+00:00,"@DrJoeAbah @doubleomoore @Spectranet_NG I wish you tried Fibreone broadband,  they will test your blood pressure so bad.",Twitter for Android,Neutral
sprectranet,2020-04-22 21:21:58+00:00,I used Spectranet to watch The Set Up on Netflix and the network was really good,Twitter for Android,Positive
sprectranet,2019-07-25 08:44:41,@adebambor @FeralJack_ @Spectranet_NG Spec what???ğŸ¤£ğŸ¤£ğŸ¤£   it will only end in pains and suffering. Samr with swift.  All of them are kremina,Twitter for Android,Negative
sprectranet,2020-03-30 06:20:28+00:00,@Spectranet_NG what's with the poor service in ijesha?? Please fix it fast.,Twitter for Android,Negative
sprectranet,2020-05-20 20:22:32+00:00,"Why can't we have any reliable ISP in Nigeria?

@Spectranet_NG have been down for more than a week now. Definitely not renewing next month. 

But I hear Smile is just as bad.",Twitter for Android,Negative
sprectranet,2020-08-19 13:58:33+00:00,"@FBN_help Hello FBN, I made a Bill Payment for Spectranet Ltd (Internet Subscription N18,525) on 18/08/2020 Time: 13:33pm. Merchants hasnâ€™t received payment and asked to contact my Bank. @cenbank @FirstBankngr",Twitter for iPhone,Neutral
sprectranet,2020-04-04 08:50:24+00:00,"@zimmani @JerrieRotimi @Spectranet_NG Like I canâ€™t use my internet if Iâ€™m in the sitting room, I have to take it out of my room.",Twitter for iPhone,Negative
sprectranet,2019-10-03 08:52:52,@Spectranet_NG you guys should make it rain 100% today please ğŸ™‚,Twitter for Android,Neutral
sprectranet,2020-04-04 17:54:52+00:00,"@Spectranet_NG seems like this abusive relationship we're in isn't gonna last any longer. 

I'm fed up. Totally. 

I cant be experiencing shitty internet for more than 4 weeks now.",Twitter for Android,Negative
tizeti,2020-02-22 09:46:40+00:00,@Joy73834037 @tIZETI_ I dey tell you ğŸ˜‚,Twitter for iPhone,Neutral
sprectranet,2020-04-04 08:55:43+00:00,@zimmani @JerrieRotimi @Spectranet_NG Only noticed since I moved,Twitter for iPhone,Neutral
sprectranet,2019-12-24 09:16:22,Abeg Spectranet dey reach ogun state? Ijebu to be specific?? @Spectranet_NG,Twitter for Android,Neutral
sprectranet,2020-02-05 12:22:11+00:00,Spectranet don dey call me pass airtel,Twitter for iPhone,Negative
sprectranet,2019-02-24 12:33:56,"@iHoluwatoby Biko jamisi, Iâ€™m using Spectranet 60GB and itâ€™s not bad",Twitter for iPhone,Positive
sprectranet,2019-03-26 17:27:56,Hay God. Spectranet wonâ€™t kill me. What is going on??,Twitter for iPhone,Negative
sprectranet,2019-08-30 12:10:33,"Just had an awesome customer service experience from @Spectranet_NG
. David listened and found a way to make it work. His supervisor Tunji (I think) was ACE! This is why I stick with Spectranet! Keep up the great work and donâ€™t make me regret my words PLEASE!",Twitter for iPhone,Positive
sprectranet,2020-03-07 11:19:09+00:00,Spectranet is just a piece of shit.. I'm done with these guys.,Twitter for Android,Negative
ipnx,2020-08-13 17:01:33,IPNX finally in this estate. Ope o,Twitter for iPhone,Positive
sprectranet,2020-03-26 08:29:23+00:00,"@kusssman @the_only_ayo @MTNNG @GLO__NIG @9mobileng @ntelng @AirtelNigeria @Spectranet_NG Donâ€™t mind then,they just like to make life hard .......useless network provider",Twitter for iPhone,Negative
tizeti,2020-09-23 22:40:03+00:00,"Oloko Oluwatoyin made a payment of 112,000 naira on the 5th of September 2020 in respect of installation and 6 months subscription of the Tizeti network .",Twitter for Android,Neutral
sprectranet,2020-05-27 11:42:00+00:00,"@ngozi_nkeChinwe Okay. But you do realize said SP is also affecting Ifeâ€™s business too? 

Do a search of Spectranet and see what the results will churn out. Everyone is complaining which means theyâ€™re not getting their act right and most brands in Nigeria only perform when called out",Twitter for iPhone,Negative
tizeti,2020-09-27 07:40:52+00:00,@tizeti you guys are criminals big time ones,Twitter for iPhone,Negative
sprectranet,2020-05-13 22:35:19+00:00,@officialbambam4 @Spectranet_NG They can never change. Best thing is to dump them.,Twitter for Android,Negative
tizeti,2020-02-15 07:36:34+00:00,"@tizeti, your customers are beginning to speak up.

You must listen.

I was forced to get @AirtelNigeria wifi hotspot. Your service is bad now. 

Your customers want you to win so do the needful. https://t.co/Kv0HNFAiSm",Twitter for Android,Negative
sprectranet,2019-01-14 11:43:00,"Hi, A spectranet Engineer came to my apartment on sat with his laptop and device. He confirmed bad signal and gave me a report. Do you have an office in Ozone, yaba? I could go there today with the report.
Thanks
",Twitter for Android,Neutral
sprectranet,2020-07-22 09:57:34+00:00,"Now because I stopped renewing my internet on Spectranet, they're on my neck, calling me up and down, trying to see how they can fix my internet issues. 
What sort of carelessness and cluelessness is this? Been a loyal customer for more than 2 years, you people frustrated me out",Twitter for Android,Negative
tizeti,2019-12-14 08:30:59+00:00,@chrisnwasike @tizeti Yes o,Twitter for Android,Neutral
tizeti,2020-07-07 20:55:44+00:00,@olamiday @wifisupport1 Tizeti is useless ğŸ˜‚ğŸ˜‚ğŸ˜‚,Twitter for iPhone,Negative
sprectranet,2019-04-20 16:54:09,@Spectranet_NG @FiberOne and smile just got hacked https://t.co/bRdZ3nDc5c,Twitter for Android,Neutral
sprectranet,2020-03-14 22:00:08+00:00,@rukxy @Spectranet_NG Na soak-away. ğŸ˜­,Twitter for Android,Neutral
tizeti,2020-06-05 10:57:57+00:00,"God i hate Tizeti.....
You will be having a class and the network will just go off...aarghh.",Twitter for Android,Negative
sprectranet,2019-04-29 13:18:39,I was using mobile data. The Data on my spectranet has finished. Can only do WhatsApp with it https://t.co/SSYSwE87iW,Twitter for iPhone,Neutral
sprectranet,2019-10-20 11:41:54,Spectranet will ruin me. ğŸ¥º,Twitter for iPhone,Negative
tizeti,2019-07-30 17:03:00+00:00,@yacim986 @wifisupport1 @madu_victor @cozzbie @tizeti Still take it easy sir @yacim986,Twitter for Android,Neutral
sprectranet,2020-05-22 08:31:23+00:00,"Na this yeye network Spectranet won make I renew?
Una go dey there.",Twitter for iPhone,Negative
sprectranet,2020-07-24 15:56:57+00:00,@PeteNwabuoku @Spectranet_NG So so long bro.,Twitter for Android,Neutral
sprectranet,2020-08-02 12:15:16+00:00,@Spectranet_NG why is it always impossible to upload files using Spectranet? Even if the file is 30MB. It'd never upload successfully. Why?,Twitter for Android,Negative
sprectranet,2020-11-29 16:35:04+00:00,"Between Swift and Spectranet, which is more reliable and fast for someone that stays in Festac?",Twitter for Android,Neutral
sprectranet,2019-01-04 16:58:01,@Aunty_Les I use my spectranet in PH oh. Find out,Twitter for iPhone,Neutral
sprectranet,2020-04-20 16:52:03+00:00,Spectranet and MTN moving mad ğŸ˜­,Twitter for iPhone,Negative
sprectranet,2019-04-20 20:10:12,@Jon3ro Spectranet is actually more expensive and have a shitty service,Twitter for iPhone,Negative
sprectranet,2019-07-17 19:02:16,@Spectranet_NG are you guys on leave today ?,Twitter for iPhone,Neutral
sprectranet,2020-06-26 06:23:19+00:00,@shashupenz @AtoyebiBamidel2 @dzinkuz @DrJoeAbah @Spectranet_NG @ntelng Help me tell him.,Twitter for Android,Neutral
tizeti,2020-06-24 10:47:41+00:00,"Dear @tizeti @wifisupport1 

This is 11:40AM, no calls, no email as per your schedule appointment.

See, if I don't see anybody at my house to rectify this current mess; I will drag your company across all social media platforms including LinkedIn &amp; offline too.",Twitter for Android,Negative
sprectranet,2020-09-23 10:16:32+00:00,SPECTRANET !!!!! ğŸ¤¬ğŸ¤¬ğŸ¤¬ğŸ¤¬ğŸ¤¬ğŸ¤¬,Twitter for iPhone,Negative
sprectranet,2020-05-22 08:42:29+00:00,@confyscenty @officialbambam4 @Spectranet_NG ğŸ¤£ğŸ¤£ğŸ¤£ğŸ¤£ğŸ¤£ğŸ¤£ bro no kill me Abeg,Twitter for Android,Neutral
sprectranet,2020-07-05 20:03:48+00:00,@myaccessbank Hi please made a deposit into my sister's @Spectranet_NG account via the #accessmore app got an error and was debited but yet to see the money in the #Spectranet account,Twitter for iPhone,Neutral
tizeti,2019-02-26 20:03:45+00:00,Is tizeti any food in Yaba?,Twitter for iPhone,Neutral
tizeti,2019-11-28 14:30:33+00:00,@sky_jfk @ntelng @tizeti Very serious ooo.,Twitter for iPhone,Neutral
sprectranet,2019-06-05 09:12:35,@Spectranet_NG pls are you ppl still doing promo for new subscribers ?,Twitter for iPhone,Neutral
sprectranet,2020-05-19 09:55:28+00:00,@Spectranet_NG you have the worse customer service ever cc @ConsumersNCC,Twitter for Android,Negative
sprectranet,2020-04-28 22:36:46+00:00,"Specy @Spectranet_NG  warris all dis na!
La ta aro!",Twitter for Android,Negative
sprectranet,2019-05-09 12:40:37,@Spectranet_NG please what's the issue with your service around Marina area(Lagos) . I haven't been able to use my Mifi all day. This is freaking tiring.,Twitter for Android,Negative
sprectranet,2019-08-30 11:55:29,@TheJideLagos Did my spectranet sometimes ago maybe Na the wrong person . Ask of bode that repairs iphone should be able to link you,Twitter for iPhone,Neutral
sprectranet,2020-03-26 13:32:54+00:00,"@Spectranet_NG why have you guys decided to frustrate me today?

Just why?

I cant even open a webpage... like... Your network is just crap... Gets worse every breathing moment.

I'm tired of calling and receiving the same set of instructions that never works.

Can you fix upğŸ˜¡ğŸ˜¡",Twitter for Android,Negative
sprectranet,2019-12-13 10:43:45,"Hello @Spectranet_NG, your network for over a week in Surulere has been extremely crappy. What exactly is going on? I mean I canâ€™t do things at a fast rate and itâ€™s stressing me out. Can you rectify it as soon as possible? Thanks",Twitter for iPhone,Negative
sprectranet,2020-07-22 12:22:27+00:00,"@comfyzy @Spectranet_NG I really don't know why NCC hasn't investigated them but then again, this is Nigeria.",Twitter for Android,Negative
sprectranet,2020-03-29 19:18:56+00:00,"@IkejaElectric dey do their own since morning no light, now @Spectranet_NG wan join with poor internet service. Na wa ooo",Twitter for Android,Negative
sprectranet,2020-12-22 11:09:28+00:00,@Spectranet_NG @NgComCommission Sent. Kindly respond to your dm,Twitter for Android,Neutral
tizeti,2020-04-06 09:57:01+00:00,@skenky2g1 @wifisupport1 @tizeti @aydtweets @OloladeOlaniyi Am sorry bro.. we rock same boat @wifisupport1 @tizeti @skenky2g1 concerns are on the increase like a pandemic... you need to flatten the curve,Twitter for Android,Negative
sprectranet,2020-12-26 22:09:46+00:00,@Spectranet_NG your NIN portal isnt working o. Button changes to â€œsubmittingâ€ and changes back to â€œsubmitâ€ after 10mins...no success/failure message,Twitter for iPhone,Negative
sprectranet,2020-06-03 14:31:34+00:00,@obagomez1 @DrJoeAbah @Spectranet_NG My data is now exhausted. They will start calling for me to renew. Smh,Twitter for iPhone,Neutral
sprectranet,2020-06-17 12:22:45+00:00,@maroq I promise to charge my phone and pray @Spectranet_NG gives me the best network at that time ğŸ˜‚,Twitter for iPhone,Neutral
tizeti,2020-05-02 22:12:41+00:00,Tizeti have taken their internet. Lemme go an take a nap,Twitter for Android,Neutral
sprectranet,2020-11-05 17:08:17+00:00,@Khaleed_ng @MBuhari @jidesanwoolu my Spectranet device. Acct! 14747832 abeg.,Twitter for Android,Neutral
sprectranet,2020-10-14 11:16:34+00:00,@Spectranet_NG I havenâ€™t been able use the internet all morning and your customer care line isnâ€™t going through. I have office work to do! Whatâ€™s happening?!,Twitter for iPhone,Negative
sprectranet,2020-03-31 14:57:53+00:00,@9mobileng @Spectranet_NG life shouldn't be this hard ğŸ˜« https://t.co/vWVKXnzt5R,Twitter for Android,Negative
sprectranet,2020-04-07 11:27:36+00:00,"@wuraola_Kayode @Spectranet_NG Ha, subscribing to Spectranet now is like throwing money inside the ocean.",Twitter for iPhone,Negative
sprectranet,2019-09-12 20:11:14,Shame on you @Spectranet,Twitter for iPhone,Negative
tizeti,2019-03-11 11:17:58+00:00,"Dear @wifisupport1,
I just spoke with an agent of yours who says Tizeti doesn't make refunds for your teleport service that didn't work.
On same day the service was activated, I had immediately sent a mail to Support complaining that it doesn't work. I got no response.",Twitter for Android,Negative
sprectranet,2019-08-14 18:05:23,"@OniosunTemidayo @SPARKLYN_SHY @Spectranet_NG @Spectranet_ltd I concur, they are very useless. I threw threw useless white mifi away since.",Twitter for Android,Negative
tizeti,2019-03-13 16:30:57+00:00,@Kevwekofi @efosaaigbe @aikmamah @edomalo @chefobubu @LindaEjiofor @tizeti @denikeoyetunde I tell ya,Twitter for Android,Neutral
sprectranet,2020-05-15 13:10:47+00:00,@Spectranet_NG your network has been trashy for the past 2-3 days now.. Fix it. https://t.co/iUbJ0OBCvO,Twitter for Android,Negative
tizeti,2020-05-29 19:13:22+00:00,The whole of Tizeti really needs to be ğŸš®. One week straight with trash network ğŸ˜­ğŸ˜­,Twitter for Android,Negative
sprectranet,2020-11-01 19:00:27+00:00,"Spectranet stressing me all weekend ! 
No wa tired mehn",Twitter for Android,Negative
sprectranet,2020-04-03 22:07:02+00:00,@DavidIAdeleke @SWIFTNetworksNG Same with @Spectranet_NG. They've all been terrible this period!,Twitter for Android,Negative
sprectranet,2020-08-19 13:54:43+00:00,"@FirstBankngr Hello FBN, I made a Bill Payment for Spectranet Ltd (Internet Subscription N18,525) on 18/08/2020 Time: 13:33pm. Merchants hasnâ€™t received payment and asked to contact my Bank. Please refer to DM for details of Ref. Number. Thanks",Twitter for iPhone,Neutral
sprectranet,2020-07-29 12:57:19+00:00,"If I didnâ€™t have money to buy data now , itâ€™s understandable, which one is someone will buy data and you wonâ€™t be able to use it , aye le 
@spectranet ğŸ˜¡ ğŸ˜¡",Twitter for iPhone,Negative
sprectranet,2019-04-10 11:11:15,This spectranet is super annoying,Twitter for iPhone,Negative
tizeti,2020-03-30 22:58:25+00:00,"They are all trash, I have swift that is slower than a tortoise and Tizeti that is non existent. Almost 2 hours to download a 65mb file https://t.co/USvnWq2eVV",Twitter for Android,Negative
sprectranet,2019-12-04 10:29:09,@philznnona @Spectranet_NG Oh you have had issues with them or?! I subscribed and after so many mails and text and calls nothing was done! Now my package I meant to end tonight and i have not even used up to 1% of the data I paid for,Twitter for Android,Negative
sprectranet,2020-07-25 18:58:46+00:00,@Spectranet_NG have you fixed up?,Twitter for iPhone,Negative
sprectranet,2020-03-28 09:40:21+00:00,"@Spectranet_NG Una useless oooo . Several calls , mails ... No response, Iâ€™ve been talking to machine since 3 days",Twitter for iPhone,Negative
sprectranet,2020-06-21 19:48:41+00:00,Tried downloading this yesterday it was showing me 2days and 12hours. Spectranet your father,Twitter for iPhone,Negative
sprectranet,2020-05-04 18:45:02+00:00,Please suggest a new ISP for me SPECTRANET are bunch of idiaaaat ğŸ˜­ğŸ˜«ğŸ˜«...,Twitter for iPhone,Negative
sprectranet,2019-01-19 13:13:44,Spectranet is a really shitty network @Spectranet_NG Iâ€™m so disappointed,Twitter for iPhone,Negative
sprectranet,2020-03-29 21:43:47+00:00,"@yemi909 @rakspd @Spectranet_NG @AirtelNigeria When I get spare change, i will do just that",Twitter for Android,Neutral
sprectranet,2020-12-18 10:11:06+00:00,"So it has gotten to this point ahn?

@Spectranet_NG just sent me this notification and I am like, na so government sha want frustrate us ehn. https://t.co/VnKcoVlVpK",Twitter for Android,Neutral
sprectranet,2020-03-29 11:38:05+00:00,Spectranet is awful,Twitter for iPhone,Negative
sprectranet,2020-04-04 08:49:34+00:00,@zimmani @JerrieRotimi @Spectranet_NG Theyâ€™re all the same,Twitter for iPhone,Neutral
sprectranet,2020-05-16 22:50:33+00:00,Na GPRS una dey run me no lie @Spectranet_NG,Twitter for iPhone,Negative
sprectranet,2019-06-02 21:31:30,@Spectranet_NG @SPECTRANETLTE the most useless and stupid networkâ€¼ï¸ stupid people... #acemifi is the worst #scam,Twitter for iPhone,Negative
sprectranet,2019-09-09 18:52:16,Man if I ever sub on this @Spectranet_NG again make my sperm turn water. Fucking had it with their incompetence https://t.co/FY0f5IGscl,Twitter for iPhone,Negative
sprectranet,2020-04-03 13:05:42+00:00,@Iam_Olusanya @Omo_West12 @Spectranet_NG I should give you away to what exactly?,Twitter for Android,Neutral
sprectranet,2019-04-24 22:13:51,"@Spectranet_NG I'm really tired of this crippled network lately. 
Fix up!!",Twitter for Android,Negative
tizeti,2020-03-13 00:45:09+00:00,@NejeebBello @isnotpolitics @tizeti Talk oh,Twitter for Android,Neutral
sprectranet,2019-08-30 12:02:09,@DEUXSVELTE Yea thatâ€™s where I went to.  Which of the Spectranet do you have?,Twitter for iPhone,Neutral
sprectranet,2019-06-24 10:49:09,All but that plan won't last upto two weeks... But ive been getting positive review about spectranet... Dunno much about them though.,Twitter for Android,Positive
tizeti,2020-02-27 16:50:16+00:00,"After more than 21 minutes of call, @wifisupport1 @tizeti didn't pick my call. Have you guys blacklisted my number? Anyway, as usual, the internet is bad again and unusable. Please help us adjust it like you did the last time. Since it's your delight that we BEG you every time https://t.co/8ibZEc1u7D",Twitter for Android,Negative
sprectranet,2020-04-03 12:59:27+00:00,"@ONIOyewole1 @Spectranet_NG Baba, be like you go gimme some of this ya Oxygen oooo. I need air",Twitter for Android,Neutral
sprectranet,2020-06-26 06:15:47+00:00,@GUE_VARO @DrJoeAbah @iSlimfit @Spectranet_NG Why were you shocked?,Twitter for Android,Neutral
sprectranet,2020-05-16 08:30:48+00:00,"Torh I donâ€™t know. Once I connect my Spectranet to my laptop like this thatâ€™s like 2gb gone (within 20 mins), I worked from home through out this week with my hotspot and my data is still much https://t.co/yEbZbGO48g",Twitter for iPhone,Negative
sprectranet,2019-08-06 06:36:36,"@daslimfop @Spectranet_NG I've started exploring other options tbh.

10k monthly in this economy is no joke....I can't be paying that much and not even enjoy what I'm paying for.

Their usefuÄºness in the past couple of weeks has been reducing on a daily basis.",Twitter for Android,Negative
sprectranet,2020-05-21 16:18:40+00:00,@ganji118 @officialbambam4 @Spectranet_NG I agree,Twitter for Android,Neutral
sprectranet,2019-07-11 12:06:10,Does your sim card work on phones? @Spectranet_NG,Twitter for Android,Neutral
sprectranet,2020-03-30 13:44:05+00:00,"@DrOlufunmilayo @AirtelNigeria
@9mobileng
@MTNNG
@GloWorld
@ntelcare
@ntelng
@Spectranet_NG
@Cobranetisp
@Mainoneservice
@ipNXTweet
#CutDataPrices
#CutDataPrices
#CutDataPrices
#CutDataPrices
#CutDataPrices
#CutDataPrices
#CutDataPrices
#CutDataPrices
#CutDataPrices",Twitter for Android,Negative
sprectranet,2019-08-30 10:40:47,Spectranet trust me I can assure you donâ€™t try smile ğŸ˜ƒ https://t.co/wE8IHGCdxZ,Twitter for iPhone,Positive
sprectranet,2019-08-29 09:42:55,"@Spectranet_NG Good day 
Please I will like to know how strong is your network in Alapere area of Lagos State. Oriola Axis to be precise",Twitter for Android,Neutral
sprectranet,2020-06-02 09:10:46+00:00,Is spectranet doing 100% today?,Twitter for iPhone,Neutral
tizeti,2020-09-23 22:53:02+00:00,"The network reception happens to be very poor in the Onike area of Lagos and a Tizeti representative advised that we apply for a refund via mail . (Series of emails have been sent , but @tizeti haven't done the needful )",Twitter for Android,Negative
sprectranet,2020-06-25 22:16:47+00:00,"@DrJoeAbah @Spectranet_NG Iâ€™m currently building a business... several hours of planning and designing on paper... the only thing that is certain is how I will make sure that I do everything Iâ€™ve promised my customers. I canâ€™t live with it, I wonder how these companies do it. @Teeniken",Twitter for iPhone,Negative
sprectranet,2020-03-16 05:39:09+00:00,@Spectranet_NG definitely needs to pay for this pain and suffering they've put me through in the past month. I spend an average of 45k every two months for this trash internet.,Twitter for Android,Negative
sprectranet,2020-10-27 09:01:12+00:00,@cchukudebelu @Spectranet_NG Huawei,Twitter for Android,Neutral
tizeti,2020-10-21 20:06:05+00:00,Omo my network no go since morning both airtel and Tizeti canâ€™t even recharge my 9mobile,Twitter for iPhone,Negative
sprectranet,2020-02-26 14:10:32+00:00,@EyitayoFajinmi @Spectranet_NG Very poor coverage in Ikate. Very poor ğŸ’”ğŸ’”ğŸ’”,Twitter for Android,Negative
sprectranet,2020-03-27 13:43:27+00:00,Spectranet has been terrible https://t.co/lv4SUX5lwP,Twitter for Android,Negative
sprectranet,2019-09-09 19:21:55,"@Spectranet_NG @GlobacomNigeria I have sent you something on the frustrating experience through your seflcare portal after several complaints and a visit to your Bode Thomas office. Pls fix it today and forever...Otherwise, I port",Twitter for Android,Negative
tizeti,2020-06-25 20:31:42+00:00,"@Jideofod @Rikko007 @wifisupport1 @tizeti Thatâ€™s because they boarded too much customer in March when lockdown was in effect. They didnâ€™t increase capacity, they keep lying about things that are not.",Twitter for iPhone,Negative
sprectranet,2019-05-05 05:26:03,@Spectranet_NG you owe me 10gb,Twitter for iPhone,Neutral
sprectranet,2020-06-26 06:22:48+00:00,"@AtoyebiBamidel2 @dzinkuz @DrJoeAbah @Spectranet_NG @ntelng My brother, if you stay in Lagos invite me to come this weekend. 
I'm telling you what i know, it's capped. 
Even ask their customer care.",Twitter for Android,Neutral
sprectranet,2020-12-07 19:53:56+00:00,Another good day to remind y'all that @Spectranet_NG is trash,Twitter for Android,Negative
tizeti,2019-10-01 13:39:44+00:00,@tizeti my internet is still not working.  You are costing my money. Iâ€™ve had to subscribe on my other internet since Saturday and I know how much I have spent. ğŸ¤¦â€â™‚ï¸ğŸ¤¦â€â™‚ï¸ğŸ¤¦â€â™‚ï¸ğŸ¤¦â€â™‚ï¸,Twitter for iPhone,Negative
sprectranet,2020-04-06 14:31:54+00:00,"Anyone in surulere using smile network?
Spectranet has been quite unfortunate",Twitter for iPhone,Negative
tizeti,2020-02-15 08:56:36+00:00,@henreeneo @tizeti @AirtelNigeria Yeah,Twitter for Android,Neutral
sprectranet,2019-12-22 11:19:01,Spectranet has been really shitty lately,Twitter for iPhone,Negative
sprectranet,2020-04-15 15:23:24+00:00,@Spectranet_NG @yinkar_44 But @MaziIbe_ is always complaining and I believe most of what he says.. so wetin go come sup now?,Twitter for Android,Negative
sprectranet,2020-05-22 20:27:28+00:00,@Spectranet_NG bet why? I have paid ... Connect me now,Twitter for Android,Neutral
sprectranet,2020-03-24 21:17:52+00:00,"MTNN @MTNNG  and spectranet if you guys are not going to dash us data atleast come correct on your services.
We can't be wasting money in these glorious times.",Twitter for Android,Negative
sprectranet,2020-12-03 08:30:50+00:00,"@Spectranet_NG 
What kind of service is #Spectranet_NG delivering nowadays? It's been a week since I've had any network service on any of my devices (CPE &amp; Mini) at #Yaba, Onike precisely.
Multiple calls to the Customer Care lines, but just empty promises to look into it. Shame!",Twitter for Android,Negative
sprectranet,2019-07-28 23:13:04,@Bumbabilii Spectranet baby Lool,Twitter for iPhone,Neutral
sprectranet,2020-01-28 13:23:22+00:00,"Customer reps over the phone @Spectranet_NG, usually hv helpful responses, but today, twas like both ladies I spoke with had awful meetings with their boss. It's funny how they end the call with ""thank you for choosing Spectranet"" without even letting me finishğŸ™„ @m_customerfirst",Twitter for Android,Negative
sprectranet,2020-12-21 19:27:35+00:00,@Spectranet_NG what is going on?? Where is my data?,Twitter for Android,Negative
sprectranet,2020-03-31 14:34:09+00:00,"Companies in the same useless category during this quarantine period:
1ï¸âƒ£ NEPA aka PHCN @phcnnigeria
2ï¸âƒ£ @Spectranet_NG 

Very useless.",Twitter for iPhone,Negative
sprectranet,2019-01-20 03:13:05,"@NonsoBassey @TheLexash @Spectranet_NG Mine isnâ€™t working at all ğŸ˜ª
Trash network",Twitter for iPhone,Negative
sprectranet,2020-07-03 14:07:44+00:00,Please does anyone know how @Spectranet_NG insurance claim works? The thing be like scam like this oh.,Twitter for iPhone,Neutral
tizeti,2020-04-14 17:54:54+00:00,This internet hasnâ€™t worked all day. @wifisupport1 @tizeti,Twitter for iPhone,Negative
sprectranet,2020-08-06 21:48:30+00:00,This game dey hungry me tonight but Spectranet dey do oriiibu at the moment https://t.co/RyhV9obLbS,Twitter for iPhone,Negative
sprectranet,2020-10-29 15:42:02+00:00,@Spectranet_NG  wetin dey happen gan gan ?  The service since Monday has been SUPER horrible ...,Twitter for Android,Negative
sprectranet,2020-08-29 12:56:32+00:00,@dejokecarew Spectranet?,Twitter for iPhone,Neutral
sprectranet,2020-09-03 17:56:32+00:00,I was not told spectranet network is now shitty ehhh,Twitter for iPhone,Negative
sprectranet,2019-08-16 20:20:22,"HelloÂ 
@Spectranet_NG
Â 
Please, the network quality has been rather poor in my 2 prominent locations (Papa Ajao and Oregun) in the last 2 months, especially from 3pm

It's getting embarrassing when I have to call that network hasn't let me recieve important emails ğŸ™‚",Twitter for Android,Negative
sprectranet,2020-04-04 02:25:55+00:00,@teebouiie @saintLumy @mstifey Spectranet is super horrible since covid 19 started seems their network has the virus ğŸ¦ ,Twitter for iPhone,Negative
sprectranet,2019-06-25 19:21:47,GLO &amp; Spectranet been shiiiiit for days now.,Twitter for Android,Negative
tizeti,2019-08-03 19:10:32+00:00,@Adejokee_ @tizeti Same here ooo same here no internet in the same time. Iâ€™m so upset I swear,Twitter for iPhone,Negative
sprectranet,2019-06-22 21:58:01,Spectranet can misbehave sha when you needed it..,Twitter for Android,Negative
sprectranet,2020-04-02 16:25:43+00:00,"More than15 hours without Social Media. @Spectranet_NG did the most with their shitty network today. Literally havenâ€™t done any efficient work all day. 
Then iPhone reset did its own too, taking me back to January cos of iCloud misbehaviour. ğŸ¤¦ğŸ½â€â™€ï¸

I forgive you all.",Twitter for iPhone,Negative
sprectranet,2020-06-26 14:14:02+00:00,@SavvyRinu I would have recommended spectranet but they are terribly slow of late,Twitter for iPhone,Negative
sprectranet,2020-01-21 18:03:03+00:00,"Spectranet's network has been terrible. 
Every thing is a problem in this country.",Twitter for Android,Negative
sprectranet,2020-07-28 22:17:48+00:00,I have finally been delivered from Spectranet! Thank you lord,Twitter for iPhone,Negative
sprectranet,2019-12-26 05:20:38,Dear @Spectranet_NG what's up with your network?? Been down since last night.,Twitter for Android,Negative
tizeti,2020-02-20 09:14:36+00:00,"@CaxtonJP @SirWolX @tizeti My thoughts exactly. Look me now wey no dey do DSTV, I am solely a Data guy, these UCL nights, i had my Spectranet and Airtel on at the same time. Laptop on Airtel, TV on Spectranet. Omo Airtel just dey stream smooth, Spectranet na wa. It was frustrating.",Twitter for Android,Negative
sprectranet,2019-07-19 12:52:01,"According to Spectranet, if you stay around Awoyaya, Lakowe, Bogije and beyond you are not on Lagos map ğŸ¤”ğŸ¤”ğŸ¤”",Twitter for iPhone,Neutral
tizeti,2019-05-26 19:32:50+00:00,"Tizeti your network is trash... I canâ€™t open any website, Netflix canâ€™t load on the tv. Phew",Twitter for iPhone,Negative
sprectranet,2019-04-03 23:06:27,@SocratesErasmus @MTNNG Gonna buy spectranet tomorrow! Mtn has made me finish my house rent ğŸ˜©ğŸ˜©ğŸ˜­,Twitter for iPhone,Positive
sprectranet,2019-01-11 07:59:24,"@Spectranet_NG Account was made active yesterday by the agent in yaba. I could only use it in yaba but no signal when I get home(Ilupeju). My concern is about using it at home which was the reason I made the purchase.
How may you help on that?
",Twitter for Android,Negative
sprectranet,2019-06-28 11:14:25,"Dear 
@Spectranet_NG
 I got this message from you guys
Dear Customer, Data subscribed on your UserID 13980235 has been exhausted. Pls Renew/Upgrade & enjoy continuity of plan benefits.T&C Apply

I have up to 13gig left. Is this the new marketing trend now??",Twitter for Android,Neutral
sprectranet,2019-03-13 13:31:35,@modelina The best! Spectranet 12k5 monthly Tizzeti 9k5,Twitter for iPhone,Positive
sprectranet,2020-07-26 09:45:49+00:00,@Spectranet_NG are you people normal now ?,Twitter for iPhone,Negative
sprectranet,2019-06-05 17:38:49,"@Ayomikun_O_ @yoruba_dev @Spectranet_NG I'm.yet to turn on mine today 
If I do I'd join in defs",Twitter for Android,Neutral
tizeti,2020-04-07 16:51:55+00:00,@tizeti Iâ€™m not enjoying this network. Subscribed for 2months so I can work from home but itâ€™s really frustrating,Twitter for iPhone,Negative
sprectranet,2020-07-09 09:40:44+00:00,"MTN , Spectranet you guys need deliverance! ğŸ¤¦ğŸ½â€â™€ï¸",Twitter for Android,Negative
sprectranet,2020-04-03 13:05:20+00:00,@Omo_West12 @Spectranet_NG I don help you tell @Spectranet_NG na,Twitter for Android,Neutral
sprectranet,2020-08-06 21:47:35+00:00,@myaccessbank Hello Please I can't seem to find the Spectranet option on the #AccessMore application.,Twitter for iPhone,Neutral
sprectranet,2019-06-01 15:54:32,Me waiting out Spectranet to offer double data before I subscribe https://t.co/IGRw6Ch8f7,Twitter for Android,Neutral
tizeti,2020-06-25 20:29:28+00:00,"@dynmsy @wifisupport1 @tizeti @fccpcnigeria This is their new style, they used to be good with emails. Now they are pathetic. My subscription expires today, the last of my money theyâ€™ll have.",Twitter for iPhone,Negative
tizeti,2020-02-15 21:56:09+00:00,"Have netflix, have wifi but still bored because tizeti is running at 23kbps so I cant watch nothing. I'm frustrated o",Twitter for Android,Negative
tizeti,2019-08-24 21:41:06+00:00,@Techpointdotng @TheEnike @tizeti Smoooth,Twitter for iPhone,Neutral
sprectranet,2019-09-09 19:05:48,@Officialkome_ @Spectranet_NG This people don frustrate me finish kai. Iâ€™m tired,Twitter for iPhone,Negative
tizeti,2020-10-16 09:44:35+00:00,"@wifisupport1 @tizeti 
Now am enjoying what I paid for. Kudos 

#EndSARS",Twitter for iPhone,Positive
tizeti,2020-03-30 18:22:37+00:00,Tizeti have decided not to come install my internet @tizeti,Twitter for Android,Negative
sprectranet,2020-05-15 14:30:27+00:00,@Spectranet_NG Had to switch to my mobile network to send this tweet.,Twitter for Android,Negative
tizeti,2019-08-30 21:59:02+00:00,@bashirobasekola @tizeti @wifisupport1 Thanks Uncle. How are you doing Sir?,Twitter for iPhone,Neutral
sprectranet,2019-08-21 05:40:18,What is that link that use in checking internet speed abeg?? I need to send this nonsense to @Spectranet_NG,Twitter for iPhone,Negative
tizeti,2019-05-05 01:42:59+00:00,"@Benjamin_Alamu @SWIFT4Glte @ntelng Surprisingly @wifi.com.ng is very good where I stay 

No issues whatsoever",Twitter for Android,Positive
sprectranet,2019-12-31 15:53:50,@Spectranet_NG wiped out 15GB of data in 2days on a line associated with a POS Device that has an average daily traffic of about 30mb. I have asked for concrete details of what happened from the 29th till today before taking further action.  @NgComCommission,Twitter for Android,Negative
tizeti,2020-07-07 22:35:29+00:00,"@ajepintos Lol. I give up fam. 

Tizeti is useless",Twitter for iPhone,Negative
tizeti,2020-04-06 10:05:52+00:00,@wifisupport1 @tizeti how far???,Twitter for Android,Neutral
tizeti,2019-02-28 11:10:28+00:00,Is there any Internet Service Provider in Nigeria that offers Unlimited data for a month with NO CAP ? Asides Tizeti please,Twitter for iPhone,Negative
sprectranet,2020-05-17 17:19:23+00:00,"Double data recharge on Spectranet. Get double the amount for today recharge only...

#truth761x @ Lagos, Nigeria https://t.co/pQILhhvMoh",Instagram,Neutral
sprectranet,2019-05-14 18:21:02,@JamesLantern2 Spectranet?,Twitter for iPhone,Neutral
tizeti,2019-10-10 17:12:37+00:00,"@KhidKhordi That website be acting like an amber alert though. Like a sign of things to come.
At least tizeti get fine UI",Twitter for Android,Positive
tizeti,2019-02-28 10:48:24+00:00,"@ycombinator @kananyi @socialcapital @mwseibel @ACE_company 

Only @Tizeti https://t.co/lqJDcYhnOI offers A 4G internet service that cannot even load WhatsApp status. Thereâ€™s not one single thing this telecom service provides but mediocrity. Top notch mediocrity",Twitter for iPhone,Negative
sprectranet,2020-06-21 08:42:47+00:00,"@Deejay_Klem @SmileComsNG Well this means I will stick with @Spectranet_NG . Sigh, the devil you know.",Twitter for iPhone,Negative
sprectranet,2020-03-24 09:57:42+00:00,@__nasarr I Dey reason activate my Spectranet coz 15gb on Airtel barely last me more than a week ğŸ¤·â€â™‚ï¸,Twitter for iPhone,Neutral
sprectranet,2019-05-04 12:30:02,"@Spectranet_NG please donâ€™t let us be unfortunate this afternoon, I have plenty work to do and your internet is not even working. Location is Yaba.

Letâ€™s be guided please, thanks!",Twitter for iPhone,Negative
sprectranet,2020-05-21 16:18:09+00:00,@confyscenty @officialbambam4 @Spectranet_NG Leemao. I actually bought an Ntel SIM o. Used them for 2 days and dumped them.. They're not different from Spectranet,Twitter for Android,Negative
sprectranet,2020-02-01 18:39:02+00:00,"@Spectranet_NG 

I would like to switch to your services.
Is it possible to purchase just a SIM Card from your outlets. I have too many unused modems sitting around.",Twitter for Android,Neutral
sprectranet,2020-01-16 18:30:11+00:00,@realdanielemeka Spectranet,Twitter for iPhone,Neutral
sprectranet,2020-03-12 08:56:02+00:00,@Spectranet_NG is today double data please ğŸ˜Š,Twitter for Android,Neutral
tizeti,2019-10-30 20:43:04+00:00,@funmiistic @tizeti Internet service provider.,Twitter for Android,Neutral
sprectranet,2019-05-25 00:13:24,Spectranet would not allow me to be great ğŸ˜•,Twitter for Android,Negative
sprectranet,2019-07-31 20:53:01,Spectranet and their stupid network.. Mtcheew,Twitter for iPhone,Negative
tizeti,2019-11-12 18:11:06+00:00,@tizeti 997122 is the ticket number. Internet has been down since yesterday and you guys kept lying that the issue is fixed. Iâ€™m frustrated and tired of your style. I have to battle with epileptic service every other day. If you guys are not ready. Just pack it up and go ğŸ¤¦â€â™‚ï¸ğŸ¤¦â€â™‚ï¸ğŸ¤¦â€â™‚ï¸,Twitter for iPhone,Negative
sprectranet,2020-04-09 14:40:55+00:00,@KhadijatTinuke Spectranet,Twitter for iPhone,Neutral
tizeti,2020-03-13 05:50:31+00:00,"@tizeti Tizeti is not a good ISP 
I've been experiencing this for almost 48 hours and it still continues https://t.co/JJLUh6GJ5w",Twitter for Android,Negative
sprectranet,2020-11-27 21:28:20+00:00,"Spectranet subscriptions is the reason I don't own a car yet!

ğŸ˜”ğŸ˜”ğŸ˜”",Twitter for Android,Neutral
tizeti,2020-01-27 22:38:39+00:00,@theshalvah My Tizeti has been awesome since I got back https://t.co/EFePUl6bnL,Twitter for Android,Positive
tizeti,2019-08-04 20:03:25+00:00,"@wifisupport1 @tizeti I should create a ticket again, I called customer service. They said it would be looked into. Still not working.",Twitter for Android,Negative
sprectranet,2020-01-20 16:49:36+00:00,Spectranet giving me more reasons why I shouldn't renew my subscription this month ğŸ˜‘,Twitter for Android,Negative
sprectranet,2020-04-15 00:49:50+00:00,Is spectranet having network issues?,Twitter for iPhone,Neutral
sprectranet,2020-07-13 09:34:37+00:00,@TejuAdeyinka @Spectranet_NG I'm going to thier office today cos I can't be downloading at 40kb per second,Twitter for Android,Negative
sprectranet,2019-01-04 14:44:03,Spectranet unlimited. Value for money https://t.co/GPDtuSnelE,Twitter for iPhone,Positive
sprectranet,2020-06-17 13:32:28+00:00,"From 30th May to date
MTN mifi - 10k
Spectranet - 10,250
Smile - 24,000
MTN mobile data - roughly 5-7k

Both MTN (14k) and Smile mifi(14,500) were bought within the last one month.
Spectranet deceived me ğŸ˜¢

ISPs have frustrated me https://t.co/Ef15VJUZU2",Twitter for iPhone,Negative
sprectranet,2020-05-12 16:51:44+00:00,@Spectranet_NG @FritztheJanitor Will they help me attend to other issues as well?,Twitter for iPhone,Neutral
sprectranet,2019-02-27 18:59:31,"@TheFunkyDee @Spectranet_NG Iâ€™m giving 
@Spectranet_NG
 a second thoughts with this, Iâ€™m this thinking of switching from Smile to 
@Spectranet_NG
 and this doesnâ€™t looks good. What would you advise me to do?",Twitter for iPhone,Negative
sprectranet,2020-04-03 12:55:27+00:00,"50GB gone in one week, @Spectranet_NG na so? I am just tired.",Twitter for Android,Negative
