ISP_Name,Time,Text,Coordinates,Place,Source
sprectranet,2019-07-19 13:25:18,"@Rotimialabi_ Fabric biko, spectranet will still disappoint you, but so will you tailor 
Soooo",,"Place(_api=<tweepy.api.API object at 0x7f96f37dbcd0>, id='00817d75276a95cf', url='https://api.twitter.com/1.1/geo/id/00817d75276a95cf.json', place_type='city', name='Lagos', full_name='Lagos, Nigeria', country_code='NG', country='Nigeria', bounding_box=BoundingBox(_api=<tweepy.api.API object at 0x7f96f37dbcd0>, type='Polygon', coordinates=[[[3.213147, 6.427886], [3.213147, 6.558339], [3.464064, 6.558339], [3.464064, 6.427886]]]), attributes={})",Twitter for iPhone
sprectranet,2019-07-19 12:52:01,"According to Spectranet, if you stay around Awoyaya, Lakowe, Bogije and beyond you are not on Lagos map ü§îü§îü§î",,"Place(_api=<tweepy.api.API object at 0x7f96f37dbcd0>, id='00817d75276a95cf', url='https://api.twitter.com/1.1/geo/id/00817d75276a95cf.json', place_type='city', name='Lagos', full_name='Lagos, Nigeria', country_code='NG', country='Nigeria', bounding_box=BoundingBox(_api=<tweepy.api.API object at 0x7f96f37dbcd0>, type='Polygon', coordinates=[[[3.213147, 6.427886], [3.213147, 6.558339], [3.464064, 6.558339], [3.464064, 6.427886]]]), attributes={})",Twitter for iPhone
sprectranet,2019-07-19 05:59:02,@Spectranet_NG Which of your outlier on the island can I visit please ?,,"Place(_api=<tweepy.api.API object at 0x7f96f37dbcd0>, id='00817d75276a95cf', url='https://api.twitter.com/1.1/geo/id/00817d75276a95cf.json', place_type='city', name='Lagos', full_name='Lagos, Nigeria', country_code='NG', country='Nigeria', bounding_box=BoundingBox(_api=<tweepy.api.API object at 0x7f96f37dbcd0>, type='Polygon', coordinates=[[[3.213147, 6.427886], [3.213147, 6.558339], [3.464064, 6.558339], [3.464064, 6.427886]]]), attributes={})",Twitter for iPhone
sprectranet,2019-07-18 22:12:46,@TheLexash @serahkassim @Spectranet_NG Oh that makes sense then.,,"Place(_api=<tweepy.api.API object at 0x7f96f37dbcd0>, id='00817d75276a95cf', url='https://api.twitter.com/1.1/geo/id/00817d75276a95cf.json', place_type='city', name='Lagos', full_name='Lagos, Nigeria', country_code='NG', country='Nigeria', bounding_box=BoundingBox(_api=<tweepy.api.API object at 0x7f96f37dbcd0>, type='Polygon', coordinates=[[[3.213147, 6.427886], [3.213147, 6.558339], [3.464064, 6.558339], [3.464064, 6.427886]]]), attributes={})",Twitter for iPhone
sprectranet,2019-07-18 22:11:25,Hello @Spectranet_NG why don't you guys allow  one to sail old or damaged mifi device for a new one?,,"Place(_api=<tweepy.api.API object at 0x7f96f37dbcd0>, id='00817d75276a95cf', url='https://api.twitter.com/1.1/geo/id/00817d75276a95cf.json', place_type='city', name='Lagos', full_name='Lagos, Nigeria', country_code='NG', country='Nigeria', bounding_box=BoundingBox(_api=<tweepy.api.API object at 0x7f96f37dbcd0>, type='Polygon', coordinates=[[[3.213147, 6.427886], [3.213147, 6.558339], [3.464064, 6.558339], [3.464064, 6.427886]]]), attributes={})",Twitter for iPhone
sprectranet,2019-07-18 22:09:53,@serahkassim @Spectranet_NG Sigh picks.. https://t.co/dAOyMhJtwu,,"Place(_api=<tweepy.api.API object at 0x7f96f37dbcd0>, id='00817d75276a95cf', url='https://api.twitter.com/1.1/geo/id/00817d75276a95cf.json', place_type='city', name='Lagos', full_name='Lagos, Nigeria', country_code='NG', country='Nigeria', bounding_box=BoundingBox(_api=<tweepy.api.API object at 0x7f96f37dbcd0>, type='Polygon', coordinates=[[[3.213147, 6.427886], [3.213147, 6.558339], [3.464064, 6.558339], [3.464064, 6.427886]]]), attributes={})",Twitter for iPhone
sprectranet,2019-07-18 21:28:56,@oluwa_toomisin @Olubaba60 @dejokecarew @Modele_ @Spectranet_NG I guess I was unlucky,,"Place(_api=<tweepy.api.API object at 0x7f96f37dbcd0>, id='00817d75276a95cf', url='https://api.twitter.com/1.1/geo/id/00817d75276a95cf.json', place_type='city', name='Lagos', full_name='Lagos, Nigeria', country_code='NG', country='Nigeria', bounding_box=BoundingBox(_api=<tweepy.api.API object at 0x7f96f37dbcd0>, type='Polygon', coordinates=[[[3.213147, 6.427886], [3.213147, 6.558339], [3.464064, 6.558339], [3.464064, 6.427886]]]), attributes={})",Twitter for iPhone
sprectranet,2019-07-18 11:52:45,@Spectranet_NG I have questions,,"Place(_api=<tweepy.api.API object at 0x7f96f37dbcd0>, id='011a942e0a0e8fb2', url='https://api.twitter.com/1.1/geo/id/011a942e0a0e8fb2.json', place_type='admin', name='Lagos', full_name='Lagos, Nigeria', country_code='NG', country='Nigeria', bounding_box=BoundingBox(_api=<tweepy.api.API object at 0x7f96f37dbcd0>, type='Polygon', coordinates=[[[2.706304, 6.370388], [2.706304, 6.698546], [4.350022, 6.698546], [4.350022, 6.370388]]]), attributes={})",Twitter for iPhone
sprectranet,2019-07-17 19:02:16,@Spectranet_NG are you guys on leave today ?,,"Place(_api=<tweepy.api.API object at 0x7f96f37dbcd0>, id='011a942e0a0e8fb2', url='https://api.twitter.com/1.1/geo/id/011a942e0a0e8fb2.json', place_type='admin', name='Lagos', full_name='Lagos, Nigeria', country_code='NG', country='Nigeria', bounding_box=BoundingBox(_api=<tweepy.api.API object at 0x7f96f37dbcd0>, type='Polygon', coordinates=[[[2.706304, 6.370388], [2.706304, 6.698546], [4.350022, 6.698546], [4.350022, 6.370388]]]), attributes={})",Twitter for iPhone
sprectranet,2019-07-16 14:09:02,"@Spectranet_NG
 I recharged for 15GB with expectation of the bonus of 20GB just 2 weeks ago, I woke up to my Evo device not connecting me to the internet, please I'd like that you dm me or sort this out asap",,"Place(_api=<tweepy.api.API object at 0x7f96f37dbcd0>, id='00817d75276a95cf', url='https://api.twitter.com/1.1/geo/id/00817d75276a95cf.json', place_type='city', name='Lagos', full_name='Lagos, Nigeria', country_code='NG', country='Nigeria', bounding_box=BoundingBox(_api=<tweepy.api.API object at 0x7f96f37dbcd0>, type='Polygon', coordinates=[[[3.213147, 6.427886], [3.213147, 6.558339], [3.464064, 6.558339], [3.464064, 6.427886]]]), attributes={})",Twitter for Android
sprectranet,2019-07-14 09:06:50,Glos bulk subscription is a bloody scam. Money I should have used to buy spectranet üò¢üò¢,,"Place(_api=<tweepy.api.API object at 0x7f96f37dbcd0>, id='00817d75276a95cf', url='https://api.twitter.com/1.1/geo/id/00817d75276a95cf.json', place_type='city', name='Lagos', full_name='Lagos, Nigeria', country_code='NG', country='Nigeria', bounding_box=BoundingBox(_api=<tweepy.api.API object at 0x7f96f37dbcd0>, type='Polygon', coordinates=[[[3.213147, 6.427886], [3.213147, 6.558339], [3.464064, 6.558339], [3.464064, 6.427886]]]), attributes={})",Twitter for Android
sprectranet,2019-07-12 17:35:29,Spectranet just mailed me that I've used 80% of my plan and it's only the second week of the month. This Netflix fi‚Ä¶ https://t.co/vmMqchzkmC,,"Place(_api=<tweepy.api.API object at 0x7f96f37dbcd0>, id='00817d75276a95cf', url='https://api.twitter.com/1.1/geo/id/00817d75276a95cf.json', place_type='city', name='Lagos', full_name='Lagos, Nigeria', country_code='NG', country='Nigeria', bounding_box=BoundingBox(_api=<tweepy.api.API object at 0x7f96f37dbcd0>, type='Polygon', coordinates=[[[3.213147, 6.427886], [3.213147, 6.558339], [3.464064, 6.558339], [3.464064, 6.427886]]]), attributes={})",Twitter for Android
sprectranet,2019-07-12 16:12:23,Recharge my Spectranet https://t.co/KGE79qV7Di,,"Place(_api=<tweepy.api.API object at 0x7f96f37dbcd0>, id='00817d75276a95cf', url='https://api.twitter.com/1.1/geo/id/00817d75276a95cf.json', place_type='city', name='Lagos', full_name='Lagos, Nigeria', country_code='NG', country='Nigeria', bounding_box=BoundingBox(_api=<tweepy.api.API object at 0x7f96f37dbcd0>, type='Polygon', coordinates=[[[3.213147, 6.427886], [3.213147, 6.558339], [3.464064, 6.558339], [3.464064, 6.427886]]]), attributes={})",Twitter for iPhone
sprectranet,2019-07-12 15:58:06,Spectranet! Free unlimited data from 1am to 7am. Thank me later https://t.co/MLx2qgfXUI,,"Place(_api=<tweepy.api.API object at 0x7f96f37dbcd0>, id='00817d75276a95cf', url='https://api.twitter.com/1.1/geo/id/00817d75276a95cf.json', place_type='city', name='Lagos', full_name='Lagos, Nigeria', country_code='NG', country='Nigeria', bounding_box=BoundingBox(_api=<tweepy.api.API object at 0x7f96f37dbcd0>, type='Polygon', coordinates=[[[3.213147, 6.427886], [3.213147, 6.558339], [3.464064, 6.558339], [3.464064, 6.427886]]]), attributes={})",Twitter for iPhone
sprectranet,2019-07-11 12:33:10,"@Mr_pePRO Nothing oh i miss spectranet noni.

I'm a platinum member and my sim just dey waste for house",,"Place(_api=<tweepy.api.API object at 0x7f96f37dbcd0>, id='00817d75276a95cf', url='https://api.twitter.com/1.1/geo/id/00817d75276a95cf.json', place_type='city', name='Lagos', full_name='Lagos, Nigeria', country_code='NG', country='Nigeria', bounding_box=BoundingBox(_api=<tweepy.api.API object at 0x7f96f37dbcd0>, type='Polygon', coordinates=[[[3.213147, 6.427886], [3.213147, 6.558339], [3.464064, 6.558339], [3.464064, 6.427886]]]), attributes={})",Twitter for Android
sprectranet,2019-07-11 12:06:10,Does your sim card work on phones? @Spectranet_NG,,"Place(_api=<tweepy.api.API object at 0x7f96f37dbcd0>, id='00817d75276a95cf', url='https://api.twitter.com/1.1/geo/id/00817d75276a95cf.json', place_type='city', name='Lagos', full_name='Lagos, Nigeria', country_code='NG', country='Nigeria', bounding_box=BoundingBox(_api=<tweepy.api.API object at 0x7f96f37dbcd0>, type='Polygon', coordinates=[[[3.213147, 6.427886], [3.213147, 6.558339], [3.464064, 6.558339], [3.464064, 6.427886]]]), attributes={})",Twitter for Android
sprectranet,2019-07-10 17:36:27,@ukauwa_david @Spectranet_NG @Spectranet_NG,,"Place(_api=<tweepy.api.API object at 0x7f96f37dbcd0>, id='011a942e0a0e8fb2', url='https://api.twitter.com/1.1/geo/id/011a942e0a0e8fb2.json', place_type='admin', name='Lagos', full_name='Lagos, Nigeria', country_code='NG', country='Nigeria', bounding_box=BoundingBox(_api=<tweepy.api.API object at 0x7f96f37dbcd0>, type='Polygon', coordinates=[[[2.706304, 6.370388], [2.706304, 6.698546], [4.350022, 6.698546], [4.350022, 6.370388]]]), attributes={})",Twitter for iPhone
sprectranet,2019-07-08 19:02:18,@Spectranet_NG Please do you have coverage in warewa or Arepo Ogun state ?,,"Place(_api=<tweepy.api.API object at 0x7f96f37dbcd0>, id='00817d75276a95cf', url='https://api.twitter.com/1.1/geo/id/00817d75276a95cf.json', place_type='city', name='Lagos', full_name='Lagos, Nigeria', country_code='NG', country='Nigeria', bounding_box=BoundingBox(_api=<tweepy.api.API object at 0x7f96f37dbcd0>, type='Polygon', coordinates=[[[3.213147, 6.427886], [3.213147, 6.558339], [3.464064, 6.558339], [3.464064, 6.427886]]]), attributes={})",Twitter for iPhone
sprectranet,2019-07-07 19:48:35,@TheLazySchmurf Have you tasted it yourself? Spectranet don scar meüò¢,,"Place(_api=<tweepy.api.API object at 0x7f96f37dbcd0>, id='00817d75276a95cf', url='https://api.twitter.com/1.1/geo/id/00817d75276a95cf.json', place_type='city', name='Lagos', full_name='Lagos, Nigeria', country_code='NG', country='Nigeria', bounding_box=BoundingBox(_api=<tweepy.api.API object at 0x7f96f37dbcd0>, type='Polygon', coordinates=[[[3.213147, 6.427886], [3.213147, 6.558339], [3.464064, 6.558339], [3.464064, 6.427886]]]), attributes={})",Twitter for Android
sprectranet,2019-07-05 08:29:23,@Skbabz @Spectranet_NG Haq haq haq haq!,,"Place(_api=<tweepy.api.API object at 0x7f96f37dbcd0>, id='00817d75276a95cf', url='https://api.twitter.com/1.1/geo/id/00817d75276a95cf.json', place_type='city', name='Lagos', full_name='Lagos, Nigeria', country_code='NG', country='Nigeria', bounding_box=BoundingBox(_api=<tweepy.api.API object at 0x7f96f37dbcd0>, type='Polygon', coordinates=[[[3.213147, 6.427886], [3.213147, 6.558339], [3.464064, 6.558339], [3.464064, 6.427886]]]), attributes={})",Twitter for Android
sprectranet,2019-07-04 18:12:56,Please help me settle this! RT for @Spectranet_NG Like for @SmileComsNG which has the better service? #MyWifi https://t.co/FymYWUy1xQ,,"Place(_api=<tweepy.api.API object at 0x7f96f37dbcd0>, id='00817d75276a95cf', url='https://api.twitter.com/1.1/geo/id/00817d75276a95cf.json', place_type='city', name='Lagos', full_name='Lagos, Nigeria', country_code='NG', country='Nigeria', bounding_box=BoundingBox(_api=<tweepy.api.API object at 0x7f96f37dbcd0>, type='Polygon', coordinates=[[[3.213147, 6.427886], [3.213147, 6.558339], [3.464064, 6.558339], [3.464064, 6.427886]]]), attributes={})",Twitter for Android
sprectranet,2019-07-02 16:40:21,@Spectranet_NG But poor network won't let us enjoy it. Ki lanfani?,,"Place(_api=<tweepy.api.API object at 0x7f96f37dbcd0>, id='00817d75276a95cf', url='https://api.twitter.com/1.1/geo/id/00817d75276a95cf.json', place_type='city', name='Lagos', full_name='Lagos, Nigeria', country_code='NG', country='Nigeria', bounding_box=BoundingBox(_api=<tweepy.api.API object at 0x7f96f37dbcd0>, type='Polygon', coordinates=[[[3.213147, 6.427886], [3.213147, 6.558339], [3.464064, 6.558339], [3.464064, 6.427886]]]), attributes={})",Twitter for Android
sprectranet,2019-07-02 10:33:39,https://t.co/O2jG5v6P3r https://t.co/91i03Va4pm,,"Place(_api=<tweepy.api.API object at 0x7f96f37dbcd0>, id='011a942e0a0e8fb2', url='https://api.twitter.com/1.1/geo/id/011a942e0a0e8fb2.json', place_type='admin', name='Lagos', full_name='Lagos, Nigeria', country_code='NG', country='Nigeria', bounding_box=BoundingBox(_api=<tweepy.api.API object at 0x7f96f37dbcd0>, type='Polygon', coordinates=[[[2.706304, 6.370388], [2.706304, 6.698546], [4.350022, 6.698546], [4.350022, 6.370388]]]), attributes={})",Twitter for Android
sprectranet,2019-07-01 18:53:38,"This is my MTN 3G &amp; 4G... 

If you use Spectranet or Ntel, I challenge you!!! https://t.co/MB2aFDGfs6",,"Place(_api=<tweepy.api.API object at 0x7f96f37dbcd0>, id='00817d75276a95cf', url='https://api.twitter.com/1.1/geo/id/00817d75276a95cf.json', place_type='city', name='Lagos', full_name='Lagos, Nigeria', country_code='NG', country='Nigeria', bounding_box=BoundingBox(_api=<tweepy.api.API object at 0x7f96f37dbcd0>, type='Polygon', coordinates=[[[3.213147, 6.427886], [3.213147, 6.558339], [3.464064, 6.558339], [3.464064, 6.427886]]]), attributes={})",Twitter for Android
sprectranet,2019-07-01 18:51:19,@Adeorgomez @Clan_Clueless 4G... Now this is 3G.. Bro throw your Spectranet away üòÇüòÇüòÇ https://t.co/sFnXPCQQ8z,,"Place(_api=<tweepy.api.API object at 0x7f96f37dbcd0>, id='00817d75276a95cf', url='https://api.twitter.com/1.1/geo/id/00817d75276a95cf.json', place_type='city', name='Lagos', full_name='Lagos, Nigeria', country_code='NG', country='Nigeria', bounding_box=BoundingBox(_api=<tweepy.api.API object at 0x7f96f37dbcd0>, type='Polygon', coordinates=[[[3.213147, 6.427886], [3.213147, 6.558339], [3.464064, 6.558339], [3.464064, 6.427886]]]), attributes={})",Twitter for Android
sprectranet,2019-07-01 18:45:49,My MTN is actually faster than Spectranet &amp; Ntel,,"Place(_api=<tweepy.api.API object at 0x7f96f37dbcd0>, id='00817d75276a95cf', url='https://api.twitter.com/1.1/geo/id/00817d75276a95cf.json', place_type='city', name='Lagos', full_name='Lagos, Nigeria', country_code='NG', country='Nigeria', bounding_box=BoundingBox(_api=<tweepy.api.API object at 0x7f96f37dbcd0>, type='Polygon', coordinates=[[[3.213147, 6.427886], [3.213147, 6.558339], [3.464064, 6.558339], [3.464064, 6.427886]]]), attributes={})",Twitter for Android
sprectranet,2019-07-01 00:46:03,416kb/s average download speed. Spectranet is trash,,"Place(_api=<tweepy.api.API object at 0x7f96f37dbcd0>, id='00817d75276a95cf', url='https://api.twitter.com/1.1/geo/id/00817d75276a95cf.json', place_type='city', name='Lagos', full_name='Lagos, Nigeria', country_code='NG', country='Nigeria', bounding_box=BoundingBox(_api=<tweepy.api.API object at 0x7f96f37dbcd0>, type='Polygon', coordinates=[[[3.213147, 6.427886], [3.213147, 6.558339], [3.464064, 6.558339], [3.464064, 6.427886]]]), attributes={})",Twitter for Android
sprectranet,2019-08-06 22:36:24,"My Spectranet device went off and till now hasn‚Äôt been charging talk less coming on.

What do I do please üò≠????",,"Place(_api=<tweepy.api.API object at 0x7f96f37dbcd0>, id='00817d75276a95cf', url='https://api.twitter.com/1.1/geo/id/00817d75276a95cf.json', place_type='city', name='Lagos', full_name='Lagos, Nigeria', country_code='NG', country='Nigeria', bounding_box=BoundingBox(_api=<tweepy.api.API object at 0x7f96f37dbcd0>, type='Polygon', coordinates=[[[3.213147, 6.427886], [3.213147, 6.558339], [3.464064, 6.558339], [3.464064, 6.427886]]]), attributes={})",Twitter for iPhone
sprectranet,2019-08-06 06:36:36,"@daslimfop @Spectranet_NG I've started exploring other options tbh.

10k monthly in this economy is no joke....I can't be paying that much and not even enjoy what I'm paying for.

Their usefuƒ∫ness in the past couple of weeks has been reducing on a daily basis.",,"Place(_api=<tweepy.api.API object at 0x7f96f37dbcd0>, id='00817d75276a95cf', url='https://api.twitter.com/1.1/geo/id/00817d75276a95cf.json', place_type='city', name='Lagos', full_name='Lagos, Nigeria', country_code='NG', country='Nigeria', bounding_box=BoundingBox(_api=<tweepy.api.API object at 0x7f96f37dbcd0>, type='Polygon', coordinates=[[[3.213147, 6.427886], [3.213147, 6.558339], [3.464064, 6.558339], [3.464064, 6.427886]]]), attributes={})",Twitter for Android
sprectranet,2019-08-05 10:50:41,"@Spectranet_NG No wahala.
Thank you.",,"Place(_api=<tweepy.api.API object at 0x7f96f37dbcd0>, id='00817d75276a95cf', url='https://api.twitter.com/1.1/geo/id/00817d75276a95cf.json', place_type='city', name='Lagos', full_name='Lagos, Nigeria', country_code='NG', country='Nigeria', bounding_box=BoundingBox(_api=<tweepy.api.API object at 0x7f96f37dbcd0>, type='Polygon', coordinates=[[[3.213147, 6.427886], [3.213147, 6.558339], [3.464064, 6.558339], [3.464064, 6.427886]]]), attributes={})",Twitter for iPhone
sprectranet,2019-08-05 10:25:28,"@Spectranet_NG When is next day for bonus data?

I‚Äôve always been on the 25th though, steadily!.",,"Place(_api=<tweepy.api.API object at 0x7f96f37dbcd0>, id='00817d75276a95cf', url='https://api.twitter.com/1.1/geo/id/00817d75276a95cf.json', place_type='city', name='Lagos', full_name='Lagos, Nigeria', country_code='NG', country='Nigeria', bounding_box=BoundingBox(_api=<tweepy.api.API object at 0x7f96f37dbcd0>, type='Polygon', coordinates=[[[3.213147, 6.427886], [3.213147, 6.558339], [3.464064, 6.558339], [3.464064, 6.427886]]]), attributes={})",Twitter for iPhone
sprectranet,2019-08-05 10:09:03,"@Spectranet_NG @dejokecarew I didn‚Äôt get on the 25th too dears.
Hence didn‚Äôt subscribe",,"Place(_api=<tweepy.api.API object at 0x7f96f37dbcd0>, id='00817d75276a95cf', url='https://api.twitter.com/1.1/geo/id/00817d75276a95cf.json', place_type='city', name='Lagos', full_name='Lagos, Nigeria', country_code='NG', country='Nigeria', bounding_box=BoundingBox(_api=<tweepy.api.API object at 0x7f96f37dbcd0>, type='Polygon', coordinates=[[[3.213147, 6.427886], [3.213147, 6.558339], [3.464064, 6.558339], [3.464064, 6.427886]]]), attributes={})",Twitter for iPhone
sprectranet,2019-08-04 19:11:18,"Note the time of download when 'not using' #Spectranet LEFT & while 'using' #Spectranet RIGHT 
1HR 22MINS difference!!!",,"Place(_api=<tweepy.api.API object at 0x7f96f37dbcd0>, id='00817d75276a95cf', url='https://api.twitter.com/1.1/geo/id/00817d75276a95cf.json', place_type='city', name='Lagos', full_name='Lagos, Nigeria', country_code='NG', country='Nigeria', bounding_box=BoundingBox(_api=<tweepy.api.API object at 0x7f96f37dbcd0>, type='Polygon', coordinates=[[[3.213147, 6.427886], [3.213147, 6.558339], [3.464064, 6.558339], [3.464064, 6.427886]]]), attributes={})",Twitter for Android
sprectranet,2019-08-04 18:47:24,@DesolaSugar Spectranet?,,"Place(_api=<tweepy.api.API object at 0x7f96f37dbcd0>, id='00817d75276a95cf', url='https://api.twitter.com/1.1/geo/id/00817d75276a95cf.json', place_type='city', name='Lagos', full_name='Lagos, Nigeria', country_code='NG', country='Nigeria', bounding_box=BoundingBox(_api=<tweepy.api.API object at 0x7f96f37dbcd0>, type='Polygon', coordinates=[[[3.213147, 6.427886], [3.213147, 6.558339], [3.464064, 6.558339], [3.464064, 6.427886]]]), attributes={})",Twitter for Android
sprectranet,2019-08-03 16:55:49,"All network providers in this country are so useless be it swift, spectranet,mtn,glo, airtel, etisalat.... To stream videos is a very very big task",,"Place(_api=<tweepy.api.API object at 0x7f96f37dbcd0>, id='00817d75276a95cf', url='https://api.twitter.com/1.1/geo/id/00817d75276a95cf.json', place_type='city', name='Lagos', full_name='Lagos, Nigeria', country_code='NG', country='Nigeria', bounding_box=BoundingBox(_api=<tweepy.api.API object at 0x7f96f37dbcd0>, type='Polygon', coordinates=[[[3.213147, 6.427886], [3.213147, 6.558339], [3.464064, 6.558339], [3.464064, 6.427886]]]), attributes={})",Twitter for Android
sprectranet,2019-08-03 09:59:07,"This nonsense @Spectranet_NG does that they call you after your subscription has ended needs to stop. You don‚Äôt have anything to offer, you‚Äôre policing me to pay again.",,"Place(_api=<tweepy.api.API object at 0x7f96f37dbcd0>, id='011a942e0a0e8fb2', url='https://api.twitter.com/1.1/geo/id/011a942e0a0e8fb2.json', place_type='admin', name='Lagos', full_name='Lagos, Nigeria', country_code='NG', country='Nigeria', bounding_box=BoundingBox(_api=<tweepy.api.API object at 0x7f96f37dbcd0>, type='Polygon', coordinates=[[[2.706304, 6.370388], [2.706304, 6.698546], [4.350022, 6.698546], [4.350022, 6.370388]]]), attributes={})",Twitter for iPhone
sprectranet,2019-08-02 23:41:55,"@Didi__A @Ikay__ Good morning ma‚Äôam, how can I be of help to you . Here at spectranet we ensure you get the best deals.",,"Place(_api=<tweepy.api.API object at 0x7f96f37dbcd0>, id='00817d75276a95cf', url='https://api.twitter.com/1.1/geo/id/00817d75276a95cf.json', place_type='city', name='Lagos', full_name='Lagos, Nigeria', country_code='NG', country='Nigeria', bounding_box=BoundingBox(_api=<tweepy.api.API object at 0x7f96f37dbcd0>, type='Polygon', coordinates=[[[3.213147, 6.427886], [3.213147, 6.558339], [3.464064, 6.558339], [3.464064, 6.427886]]]), attributes={})",Twitter for iPhone
sprectranet,2019-08-01 19:13:38,@Spectranet_NG have now been complaining for almost 3-4months....why should i pay for such services.....every evening & weekends are even worse!!!,"{'type': 'Point', 'coordinates': [3.3640847, 6.5506088]}","Place(_api=<tweepy.api.API object at 0x7f96f37dbcd0>, id='00817d75276a95cf', url='https://api.twitter.com/1.1/geo/id/00817d75276a95cf.json', place_type='city', name='Lagos', full_name='Lagos, Nigeria', country_code='NG', country='Nigeria', bounding_box=BoundingBox(_api=<tweepy.api.API object at 0x7f96f37dbcd0>, type='Polygon', coordinates=[[[3.213147, 6.427886], [3.213147, 6.558339], [3.464064, 6.558339], [3.464064, 6.427886]]]), attributes={})",Twitter for Android
sprectranet,2019-07-31 20:53:01,Spectranet and their stupid network.. Mtcheew,,"Place(_api=<tweepy.api.API object at 0x7f96f37dbcd0>, id='00817d75276a95cf', url='https://api.twitter.com/1.1/geo/id/00817d75276a95cf.json', place_type='city', name='Lagos', full_name='Lagos, Nigeria', country_code='NG', country='Nigeria', bounding_box=BoundingBox(_api=<tweepy.api.API object at 0x7f96f37dbcd0>, type='Polygon', coordinates=[[[3.213147, 6.427886], [3.213147, 6.558339], [3.464064, 6.558339], [3.464064, 6.427886]]]), attributes={})",Twitter for iPhone
sprectranet,2019-07-29 14:17:08,Swift or spectranet?,,"Place(_api=<tweepy.api.API object at 0x7f96f37dbcd0>, id='00817d75276a95cf', url='https://api.twitter.com/1.1/geo/id/00817d75276a95cf.json', place_type='city', name='Lagos', full_name='Lagos, Nigeria', country_code='NG', country='Nigeria', bounding_box=BoundingBox(_api=<tweepy.api.API object at 0x7f96f37dbcd0>, type='Polygon', coordinates=[[[3.213147, 6.427886], [3.213147, 6.558339], [3.464064, 6.558339], [3.464064, 6.427886]]]), attributes={})",Twitter for iPhone
sprectranet,2019-07-28 23:13:04,@Bumbabilii Spectranet baby Lool,,"Place(_api=<tweepy.api.API object at 0x7f96f37dbcd0>, id='00817d75276a95cf', url='https://api.twitter.com/1.1/geo/id/00817d75276a95cf.json', place_type='city', name='Lagos', full_name='Lagos, Nigeria', country_code='NG', country='Nigeria', bounding_box=BoundingBox(_api=<tweepy.api.API object at 0x7f96f37dbcd0>, type='Polygon', coordinates=[[[3.213147, 6.427886], [3.213147, 6.558339], [3.464064, 6.558339], [3.464064, 6.427886]]]), attributes={})",Twitter for iPhone
sprectranet,2019-07-28 19:58:58,"I‚Äôm not sure. But my former spectranet device if I pay 3000 naira, they give me about 15gig https://t.co/jNBVS93B6g",,"Place(_api=<tweepy.api.API object at 0x7f96f37dbcd0>, id='00817d75276a95cf', url='https://api.twitter.com/1.1/geo/id/00817d75276a95cf.json', place_type='city', name='Lagos', full_name='Lagos, Nigeria', country_code='NG', country='Nigeria', bounding_box=BoundingBox(_api=<tweepy.api.API object at 0x7f96f37dbcd0>, type='Polygon', coordinates=[[[3.213147, 6.427886], [3.213147, 6.558339], [3.464064, 6.558339], [3.464064, 6.427886]]]), attributes={})",Twitter for iPhone
sprectranet,2019-07-28 11:28:59,@Spectranet_NG 100% bonus offer today? üòâ,,"Place(_api=<tweepy.api.API object at 0x7f96f37dbcd0>, id='00817d75276a95cf', url='https://api.twitter.com/1.1/geo/id/00817d75276a95cf.json', place_type='city', name='Lagos', full_name='Lagos, Nigeria', country_code='NG', country='Nigeria', bounding_box=BoundingBox(_api=<tweepy.api.API object at 0x7f96f37dbcd0>, type='Polygon', coordinates=[[[3.213147, 6.427886], [3.213147, 6.558339], [3.464064, 6.558339], [3.464064, 6.427886]]]), attributes={})",Twitter for iPhone
sprectranet,2019-07-26 19:54:45,"@TheAlphawomanTT Just get spectranet, subscribe on days of double data.
Example 5k = 7gig But you get 14
7k = 10gig But get 20gig

Etc",,"Place(_api=<tweepy.api.API object at 0x7f96f37dbcd0>, id='00817d75276a95cf', url='https://api.twitter.com/1.1/geo/id/00817d75276a95cf.json', place_type='city', name='Lagos', full_name='Lagos, Nigeria', country_code='NG', country='Nigeria', bounding_box=BoundingBox(_api=<tweepy.api.API object at 0x7f96f37dbcd0>, type='Polygon', coordinates=[[[3.213147, 6.427886], [3.213147, 6.558339], [3.464064, 6.558339], [3.464064, 6.427886]]]), attributes={})",Twitter for iPhone
sprectranet,2019-07-25 11:32:05,Spectranet has denied me productivity for the past 4-5 hours ü§¶üèæ‚Äç‚ôÇÔ∏è fix up,,"Place(_api=<tweepy.api.API object at 0x7f96f37dbcd0>, id='00817d75276a95cf', url='https://api.twitter.com/1.1/geo/id/00817d75276a95cf.json', place_type='city', name='Lagos', full_name='Lagos, Nigeria', country_code='NG', country='Nigeria', bounding_box=BoundingBox(_api=<tweepy.api.API object at 0x7f96f37dbcd0>, type='Polygon', coordinates=[[[3.213147, 6.427886], [3.213147, 6.558339], [3.464064, 6.558339], [3.464064, 6.427886]]]), attributes={})",Twitter for iPhone
sprectranet,2019-07-25 08:44:41,@adebambor @FeralJack_ @Spectranet_NG Spec what???ü§£ü§£ü§£   it will only end in pains and suffering. Samr with swift.  All of them are kremina,,"Place(_api=<tweepy.api.API object at 0x7f96f37dbcd0>, id='011a942e0a0e8fb2', url='https://api.twitter.com/1.1/geo/id/011a942e0a0e8fb2.json', place_type='admin', name='Lagos', full_name='Lagos, Nigeria', country_code='NG', country='Nigeria', bounding_box=BoundingBox(_api=<tweepy.api.API object at 0x7f96f37dbcd0>, type='Polygon', coordinates=[[[2.706304, 6.370388], [2.706304, 6.698546], [4.350022, 6.698546], [4.350022, 6.370388]]]), attributes={})",Twitter for Android
sprectranet,2019-07-24 17:43:32,@Spectranet_NG Please how much is it?,,"Place(_api=<tweepy.api.API object at 0x7f96f37dbcd0>, id='00817d75276a95cf', url='https://api.twitter.com/1.1/geo/id/00817d75276a95cf.json', place_type='city', name='Lagos', full_name='Lagos, Nigeria', country_code='NG', country='Nigeria', bounding_box=BoundingBox(_api=<tweepy.api.API object at 0x7f96f37dbcd0>, type='Polygon', coordinates=[[[3.213147, 6.427886], [3.213147, 6.558339], [3.464064, 6.558339], [3.464064, 6.427886]]]), attributes={})",Twitter for Android
sprectranet,2019-07-24 15:51:34,"@Spectranet_NG ho, does the evo mifi connect multiple devices?",,"Place(_api=<tweepy.api.API object at 0x7f96f37dbcd0>, id='00817d75276a95cf', url='https://api.twitter.com/1.1/geo/id/00817d75276a95cf.json', place_type='city', name='Lagos', full_name='Lagos, Nigeria', country_code='NG', country='Nigeria', bounding_box=BoundingBox(_api=<tweepy.api.API object at 0x7f96f37dbcd0>, type='Polygon', coordinates=[[[3.213147, 6.427886], [3.213147, 6.558339], [3.464064, 6.558339], [3.464064, 6.427886]]]), attributes={})",Twitter for Android
sprectranet,2019-07-24 08:06:43,@DONJAZZY I‚Äôm the young entrepreneur who was once in charge of your Spectranet account when I was still working for Spectranet limited in the year 2013 Lekki branch on admiralty way. #With50k I can help get my coconut oil label  printed for coconut oil supplies to supermarkets.,,"Place(_api=<tweepy.api.API object at 0x7f96f37dbcd0>, id='00817d75276a95cf', url='https://api.twitter.com/1.1/geo/id/00817d75276a95cf.json', place_type='city', name='Lagos', full_name='Lagos, Nigeria', country_code='NG', country='Nigeria', bounding_box=BoundingBox(_api=<tweepy.api.API object at 0x7f96f37dbcd0>, type='Polygon', coordinates=[[[3.213147, 6.427886], [3.213147, 6.558339], [3.464064, 6.558339], [3.464064, 6.427886]]]), attributes={})",Twitter for iPhone
sprectranet,2019-07-23 21:01:36,@counle @Spectranet_NG Find out... It's generally fair,,"Place(_api=<tweepy.api.API object at 0x7f96f37dbcd0>, id='00817d75276a95cf', url='https://api.twitter.com/1.1/geo/id/00817d75276a95cf.json', place_type='city', name='Lagos', full_name='Lagos, Nigeria', country_code='NG', country='Nigeria', bounding_box=BoundingBox(_api=<tweepy.api.API object at 0x7f96f37dbcd0>, type='Polygon', coordinates=[[[3.213147, 6.427886], [3.213147, 6.558339], [3.464064, 6.558339], [3.464064, 6.427886]]]), attributes={})",Twitter for Android
sprectranet,2019-07-23 20:52:19,@counle Buy @Spectranet_NG modem and thank me later,,"Place(_api=<tweepy.api.API object at 0x7f96f37dbcd0>, id='00817d75276a95cf', url='https://api.twitter.com/1.1/geo/id/00817d75276a95cf.json', place_type='city', name='Lagos', full_name='Lagos, Nigeria', country_code='NG', country='Nigeria', bounding_box=BoundingBox(_api=<tweepy.api.API object at 0x7f96f37dbcd0>, type='Polygon', coordinates=[[[3.213147, 6.427886], [3.213147, 6.558339], [3.464064, 6.558339], [3.464064, 6.427886]]]), attributes={})",Twitter for Android
sprectranet,2019-07-23 19:55:15,"1gb is the new 10mb. 

Cc @GloWorld @AirtelNigeria @MTNNG @Spectranet_NG @ntelng @9mobileng",,"Place(_api=<tweepy.api.API object at 0x7f96f37dbcd0>, id='011a942e0a0e8fb2', url='https://api.twitter.com/1.1/geo/id/011a942e0a0e8fb2.json', place_type='admin', name='Lagos', full_name='Lagos, Nigeria', country_code='NG', country='Nigeria', bounding_box=BoundingBox(_api=<tweepy.api.API object at 0x7f96f37dbcd0>, type='Polygon', coordinates=[[[2.706304, 6.370388], [2.706304, 6.698546], [4.350022, 6.698546], [4.350022, 6.370388]]]), attributes={})",Twitter for iPhone
sprectranet,2019-07-23 18:51:33,"@ItsMisola Nah.
Spectranet.",,"Place(_api=<tweepy.api.API object at 0x7f96f37dbcd0>, id='00817d75276a95cf', url='https://api.twitter.com/1.1/geo/id/00817d75276a95cf.json', place_type='city', name='Lagos', full_name='Lagos, Nigeria', country_code='NG', country='Nigeria', bounding_box=BoundingBox(_api=<tweepy.api.API object at 0x7f96f37dbcd0>, type='Polygon', coordinates=[[[3.213147, 6.427886], [3.213147, 6.558339], [3.464064, 6.558339], [3.464064, 6.427886]]]), attributes={})",Twitter for iPhone
sprectranet,2019-07-22 15:17:40,@Spectranet_NG Thanks for your swift reply and assistance. I‚Äôm back up and running. Have a fabulous week.,,"Place(_api=<tweepy.api.API object at 0x7f96f37dbcd0>, id='011a942e0a0e8fb2', url='https://api.twitter.com/1.1/geo/id/011a942e0a0e8fb2.json', place_type='admin', name='Lagos', full_name='Lagos, Nigeria', country_code='NG', country='Nigeria', bounding_box=BoundingBox(_api=<tweepy.api.API object at 0x7f96f37dbcd0>, type='Polygon', coordinates=[[[2.706304, 6.370388], [2.706304, 6.698546], [4.350022, 6.698546], [4.350022, 6.370388]]]), attributes={})",Twitter for iPhone
sprectranet,2019-07-22 14:54:15,"@Spectranet_NG
 I‚Äôm trying to call your helpdesk but it‚Äôs not working at all. I‚Äôm placed on hold for minutes and then the phone gets disconnected. Can you please help? 

Looking forward to hearing from you soon. Thanks.",,"Place(_api=<tweepy.api.API object at 0x7f96f37dbcd0>, id='011a942e0a0e8fb2', url='https://api.twitter.com/1.1/geo/id/011a942e0a0e8fb2.json', place_type='admin', name='Lagos', full_name='Lagos, Nigeria', country_code='NG', country='Nigeria', bounding_box=BoundingBox(_api=<tweepy.api.API object at 0x7f96f37dbcd0>, type='Polygon', coordinates=[[[2.706304, 6.370388], [2.706304, 6.698546], [4.350022, 6.698546], [4.350022, 6.370388]]]), attributes={})",Twitter for iPhone
sprectranet,2019-07-20 13:10:41,"Spectranet's Ogbanje has kicked in, can tweet but can't stream movies. Oshi",,"Place(_api=<tweepy.api.API object at 0x7f96f37dbcd0>, id='00817d75276a95cf', url='https://api.twitter.com/1.1/geo/id/00817d75276a95cf.json', place_type='city', name='Lagos', full_name='Lagos, Nigeria', country_code='NG', country='Nigeria', bounding_box=BoundingBox(_api=<tweepy.api.API object at 0x7f96f37dbcd0>, type='Polygon', coordinates=[[[3.213147, 6.427886], [3.213147, 6.558339], [3.464064, 6.558339], [3.464064, 6.427886]]]), attributes={})",Twitter for Android
sprectranet,2019-08-24 21:56:10,@ChenaOnuorah Please don't buy SPECTRANET ... I beg you in the name of God!,,"Place(_api=<tweepy.api.API object at 0x7f96f37dbcd0>, id='00817d75276a95cf', url='https://api.twitter.com/1.1/geo/id/00817d75276a95cf.json', place_type='city', name='Lagos', full_name='Lagos, Nigeria', country_code='NG', country='Nigeria', bounding_box=BoundingBox(_api=<tweepy.api.API object at 0x7f96f37dbcd0>, type='Polygon', coordinates=[[[3.213147, 6.427886], [3.213147, 6.558339], [3.464064, 6.558339], [3.464064, 6.427886]]]), attributes={})",Twitter for Android
sprectranet,2019-08-23 23:18:06,My worst business decision for 2019 by far is getting a @Spectranet_NG router to do business! It's one heartache to another! I am TIRED!,,"Place(_api=<tweepy.api.API object at 0x7f96f37dbcd0>, id='00817d75276a95cf', url='https://api.twitter.com/1.1/geo/id/00817d75276a95cf.json', place_type='city', name='Lagos', full_name='Lagos, Nigeria', country_code='NG', country='Nigeria', bounding_box=BoundingBox(_api=<tweepy.api.API object at 0x7f96f37dbcd0>, type='Polygon', coordinates=[[[3.213147, 6.427886], [3.213147, 6.558339], [3.464064, 6.558339], [3.464064, 6.427886]]]), attributes={})",Twitter for Android
sprectranet,2019-08-22 22:41:09,@The_cocoreidh Spectranet is still trash please and smile is better.,,"Place(_api=<tweepy.api.API object at 0x7f96f37dbcd0>, id='00817d75276a95cf', url='https://api.twitter.com/1.1/geo/id/00817d75276a95cf.json', place_type='city', name='Lagos', full_name='Lagos, Nigeria', country_code='NG', country='Nigeria', bounding_box=BoundingBox(_api=<tweepy.api.API object at 0x7f96f37dbcd0>, type='Polygon', coordinates=[[[3.213147, 6.427886], [3.213147, 6.558339], [3.464064, 6.558339], [3.464064, 6.427886]]]), attributes={})",Twitter for Android
sprectranet,2019-08-22 22:36:51,"@The_cocoreidh Spectranet. For optimized speed tests, I get like 200ms ping",,"Place(_api=<tweepy.api.API object at 0x7f96f37dbcd0>, id='00817d75276a95cf', url='https://api.twitter.com/1.1/geo/id/00817d75276a95cf.json', place_type='city', name='Lagos', full_name='Lagos, Nigeria', country_code='NG', country='Nigeria', bounding_box=BoundingBox(_api=<tweepy.api.API object at 0x7f96f37dbcd0>, type='Polygon', coordinates=[[[3.213147, 6.427886], [3.213147, 6.558339], [3.464064, 6.558339], [3.464064, 6.427886]]]), attributes={})",Twitter for Android
sprectranet,2019-08-22 10:43:57,@Spectranet_NG you guys should do double data today naa üò©üò©,,"Place(_api=<tweepy.api.API object at 0x7f96f37dbcd0>, id='00817d75276a95cf', url='https://api.twitter.com/1.1/geo/id/00817d75276a95cf.json', place_type='city', name='Lagos', full_name='Lagos, Nigeria', country_code='NG', country='Nigeria', bounding_box=BoundingBox(_api=<tweepy.api.API object at 0x7f96f37dbcd0>, type='Polygon', coordinates=[[[3.213147, 6.427886], [3.213147, 6.558339], [3.464064, 6.558339], [3.464064, 6.427886]]]), attributes={})",Twitter for iPhone
sprectranet,2019-08-21 05:59:04,"@Spectranet_NG Why don‚Äôt you check your DM and see series of complaints I‚Äôve made and how utterly useless y‚Äôall have been cos nothing has changed. Still the same. 

Oh had to switch to MTN to reply you cos your network cannot even post a tweet. I‚Äôm not living in Ogun state o! Shitty service",,"Place(_api=<tweepy.api.API object at 0x7f96f37dbcd0>, id='00817d75276a95cf', url='https://api.twitter.com/1.1/geo/id/00817d75276a95cf.json', place_type='city', name='Lagos', full_name='Lagos, Nigeria', country_code='NG', country='Nigeria', bounding_box=BoundingBox(_api=<tweepy.api.API object at 0x7f96f37dbcd0>, type='Polygon', coordinates=[[[3.213147, 6.427886], [3.213147, 6.558339], [3.464064, 6.558339], [3.464064, 6.427886]]]), attributes={})",Twitter for iPhone
sprectranet,2019-08-21 05:40:18,What is that link that use in checking internet speed abeg?? I need to send this nonsense to @Spectranet_NG,,"Place(_api=<tweepy.api.API object at 0x7f96f37dbcd0>, id='00817d75276a95cf', url='https://api.twitter.com/1.1/geo/id/00817d75276a95cf.json', place_type='city', name='Lagos', full_name='Lagos, Nigeria', country_code='NG', country='Nigeria', bounding_box=BoundingBox(_api=<tweepy.api.API object at 0x7f96f37dbcd0>, type='Polygon', coordinates=[[[3.213147, 6.427886], [3.213147, 6.558339], [3.464064, 6.558339], [3.464064, 6.427886]]]), attributes={})",Twitter for iPhone
sprectranet,2019-08-20 17:17:21,@Clan_Clueless Ah was asking about them online yesterday before paying this stupid Spectranet. How far? Are they any good bro?,,"Place(_api=<tweepy.api.API object at 0x7f96f37dbcd0>, id='00817d75276a95cf', url='https://api.twitter.com/1.1/geo/id/00817d75276a95cf.json', place_type='city', name='Lagos', full_name='Lagos, Nigeria', country_code='NG', country='Nigeria', bounding_box=BoundingBox(_api=<tweepy.api.API object at 0x7f96f37dbcd0>, type='Polygon', coordinates=[[[3.213147, 6.427886], [3.213147, 6.558339], [3.464064, 6.558339], [3.464064, 6.427886]]]), attributes={})",Twitter for iPhone
sprectranet,2019-08-20 02:30:37,@Spectranet_NG please can you help me refresh my signal. I‚Äôm unable to work. Thank you,,"Place(_api=<tweepy.api.API object at 0x7f96f37dbcd0>, id='011a942e0a0e8fb2', url='https://api.twitter.com/1.1/geo/id/011a942e0a0e8fb2.json', place_type='admin', name='Lagos', full_name='Lagos, Nigeria', country_code='NG', country='Nigeria', bounding_box=BoundingBox(_api=<tweepy.api.API object at 0x7f96f37dbcd0>, type='Polygon', coordinates=[[[2.706304, 6.370388], [2.706304, 6.698546], [4.350022, 6.698546], [4.350022, 6.370388]]]), attributes={})",Twitter for iPhone
sprectranet,2019-08-16 20:20:22,"Hello¬†
@Spectranet_NG
¬†
Please, the network quality has been rather poor in my 2 prominent locations (Papa Ajao and Oregun) in the last 2 months, especially from 3pm

It's getting embarrassing when I have to call that network hasn't let me recieve important emails üôÇ",,"Place(_api=<tweepy.api.API object at 0x7f96f37dbcd0>, id='00817d75276a95cf', url='https://api.twitter.com/1.1/geo/id/00817d75276a95cf.json', place_type='city', name='Lagos', full_name='Lagos, Nigeria', country_code='NG', country='Nigeria', bounding_box=BoundingBox(_api=<tweepy.api.API object at 0x7f96f37dbcd0>, type='Polygon', coordinates=[[[3.213147, 6.427886], [3.213147, 6.558339], [3.464064, 6.558339], [3.464064, 6.427886]]]), attributes={})",Twitter for Android
sprectranet,2019-08-16 16:07:30,What's wrong with Spectranet?? ü§¶üèΩ‚Äç‚ôÇÔ∏è,,"Place(_api=<tweepy.api.API object at 0x7f96f37dbcd0>, id='00817d75276a95cf', url='https://api.twitter.com/1.1/geo/id/00817d75276a95cf.json', place_type='city', name='Lagos', full_name='Lagos, Nigeria', country_code='NG', country='Nigeria', bounding_box=BoundingBox(_api=<tweepy.api.API object at 0x7f96f37dbcd0>, type='Polygon', coordinates=[[[3.213147, 6.427886], [3.213147, 6.558339], [3.464064, 6.558339], [3.464064, 6.427886]]]), attributes={})",Twitter for Android
sprectranet,2019-08-16 13:29:24,"How Spectranet does it, I don‚Äôt understandü§¶‚Äç‚ôÇÔ∏è. 80gb in 2 weeks wtf!!!!  when i‚Äôm not a yahoo boyüò´üò´üò´ 

Am i the only one on this tableü§î",,"Place(_api=<tweepy.api.API object at 0x7f96f37dbcd0>, id='00817d75276a95cf', url='https://api.twitter.com/1.1/geo/id/00817d75276a95cf.json', place_type='city', name='Lagos', full_name='Lagos, Nigeria', country_code='NG', country='Nigeria', bounding_box=BoundingBox(_api=<tweepy.api.API object at 0x7f96f37dbcd0>, type='Polygon', coordinates=[[[3.213147, 6.427886], [3.213147, 6.558339], [3.464064, 6.558339], [3.464064, 6.427886]]]), attributes={})",Twitter for iPhone
sprectranet,2019-08-15 09:12:27,"@Spectranet_NG please spectranet..Do you have coverage in Move, Ibafo....please reply",,"Place(_api=<tweepy.api.API object at 0x7f96f37dbcd0>, id='00817d75276a95cf', url='https://api.twitter.com/1.1/geo/id/00817d75276a95cf.json', place_type='city', name='Lagos', full_name='Lagos, Nigeria', country_code='NG', country='Nigeria', bounding_box=BoundingBox(_api=<tweepy.api.API object at 0x7f96f37dbcd0>, type='Polygon', coordinates=[[[3.213147, 6.427886], [3.213147, 6.558339], [3.464064, 6.558339], [3.464064, 6.427886]]]), attributes={})",Twitter for Android
sprectranet,2019-08-15 08:45:35,"@Praizchris @iamchilas @isocroft @Spectranet_NG @allengblack Please dear, let @Spectranet_NG speak for itself.",,"Place(_api=<tweepy.api.API object at 0x7f96f37dbcd0>, id='00817d75276a95cf', url='https://api.twitter.com/1.1/geo/id/00817d75276a95cf.json', place_type='city', name='Lagos', full_name='Lagos, Nigeria', country_code='NG', country='Nigeria', bounding_box=BoundingBox(_api=<tweepy.api.API object at 0x7f96f37dbcd0>, type='Polygon', coordinates=[[[3.213147, 6.427886], [3.213147, 6.558339], [3.464064, 6.558339], [3.464064, 6.427886]]]), attributes={})",Twitter for Android
sprectranet,2019-08-15 07:49:08,@Spectranet_NG and @Quickteller most definitely have the worst customer relationship. I wonder how N7000 would just disappear into thin air yet these unfortunate fellows have been sending messages asking me to subscribe again after taking money and not activating same.,,"Place(_api=<tweepy.api.API object at 0x7f96f37dbcd0>, id='00817d75276a95cf', url='https://api.twitter.com/1.1/geo/id/00817d75276a95cf.json', place_type='city', name='Lagos', full_name='Lagos, Nigeria', country_code='NG', country='Nigeria', bounding_box=BoundingBox(_api=<tweepy.api.API object at 0x7f96f37dbcd0>, type='Polygon', coordinates=[[[3.213147, 6.427886], [3.213147, 6.558339], [3.464064, 6.558339], [3.464064, 6.427886]]]), attributes={})",Twitter for iPhone
sprectranet,2019-08-15 07:43:50,"Dear,  @Quickteller you need to stop this unfortunate attitude. Today makes it 10 days since I N7,000 via your platform for my  @Spectranet_NG data but up till this moment, the money hasn't been remitted even though 
@accessbank_help has confirmed the payment to your platform.",,"Place(_api=<tweepy.api.API object at 0x7f96f37dbcd0>, id='00817d75276a95cf', url='https://api.twitter.com/1.1/geo/id/00817d75276a95cf.json', place_type='city', name='Lagos', full_name='Lagos, Nigeria', country_code='NG', country='Nigeria', bounding_box=BoundingBox(_api=<tweepy.api.API object at 0x7f96f37dbcd0>, type='Polygon', coordinates=[[[3.213147, 6.427886], [3.213147, 6.558339], [3.464064, 6.558339], [3.464064, 6.427886]]]), attributes={})",Twitter for iPhone
sprectranet,2019-08-14 18:05:23,"@OniosunTemidayo @SPARKLYN_SHY @Spectranet_NG @Spectranet_ltd I concur, they are very useless. I threw threw useless white mifi away since.",,"Place(_api=<tweepy.api.API object at 0x7f96f37dbcd0>, id='00817d75276a95cf', url='https://api.twitter.com/1.1/geo/id/00817d75276a95cf.json', place_type='city', name='Lagos', full_name='Lagos, Nigeria', country_code='NG', country='Nigeria', bounding_box=BoundingBox(_api=<tweepy.api.API object at 0x7f96f37dbcd0>, type='Polygon', coordinates=[[[3.213147, 6.427886], [3.213147, 6.558339], [3.464064, 6.558339], [3.464064, 6.427886]]]), attributes={})",Twitter for Android
sprectranet,2019-08-12 16:51:15,"@Spectranet_NG @Spectranet_NG @Spectranet_NG

Don't make me useless and ineffective again today.

10 hours gone, yet nothing meaningful has been achieved.

Fix this network, or else.

#Spectranet #BringBackMyNetwork #Spectranet #BringBackMyNetwork #Spectranet #BringBackMyNetwork",,"Place(_api=<tweepy.api.API object at 0x7f96f37dbcd0>, id='011a942e0a0e8fb2', url='https://api.twitter.com/1.1/geo/id/011a942e0a0e8fb2.json', place_type='admin', name='Lagos', full_name='Lagos, Nigeria', country_code='NG', country='Nigeria', bounding_box=BoundingBox(_api=<tweepy.api.API object at 0x7f96f37dbcd0>, type='Polygon', coordinates=[[[2.706304, 6.370388], [2.706304, 6.698546], [4.350022, 6.698546], [4.350022, 6.370388]]]), attributes={})",Twitter for Android
sprectranet,2019-08-12 11:46:15,@Shokunbi23 Have you tried Spectranet.....they are good offers for Abuja,,"Place(_api=<tweepy.api.API object at 0x7f96f37dbcd0>, id='00817d75276a95cf', url='https://api.twitter.com/1.1/geo/id/00817d75276a95cf.json', place_type='city', name='Lagos', full_name='Lagos, Nigeria', country_code='NG', country='Nigeria', bounding_box=BoundingBox(_api=<tweepy.api.API object at 0x7f96f37dbcd0>, type='Polygon', coordinates=[[[3.213147, 6.427886], [3.213147, 6.558339], [3.464064, 6.558339], [3.464064, 6.427886]]]), attributes={})",Twitter for iPhone
sprectranet,2019-08-10 09:22:13,@Spectranet_NG having difficulties accessing your web to make renewals of my data plans.  Kindly look into it,,"Place(_api=<tweepy.api.API object at 0x7f96f37dbcd0>, id='011a942e0a0e8fb2', url='https://api.twitter.com/1.1/geo/id/011a942e0a0e8fb2.json', place_type='admin', name='Lagos', full_name='Lagos, Nigeria', country_code='NG', country='Nigeria', bounding_box=BoundingBox(_api=<tweepy.api.API object at 0x7f96f37dbcd0>, type='Polygon', coordinates=[[[2.706304, 6.370388], [2.706304, 6.698546], [4.350022, 6.698546], [4.350022, 6.370388]]]), attributes={})",Twitter for Android
sprectranet,2019-08-09 13:07:12,@Spectranet_NG Still waiting for the payment process. Almost 1 hour.,,"Place(_api=<tweepy.api.API object at 0x7f96f37dbcd0>, id='00817d75276a95cf', url='https://api.twitter.com/1.1/geo/id/00817d75276a95cf.json', place_type='city', name='Lagos', full_name='Lagos, Nigeria', country_code='NG', country='Nigeria', bounding_box=BoundingBox(_api=<tweepy.api.API object at 0x7f96f37dbcd0>, type='Polygon', coordinates=[[[3.213147, 6.427886], [3.213147, 6.558339], [3.464064, 6.558339], [3.464064, 6.427886]]]), attributes={})",Twitter for Android
sprectranet,2019-08-09 12:16:27,"@Spectranet_NG 16300894 Credited. 17572001, still awaiting confirmation. Thanks.",,"Place(_api=<tweepy.api.API object at 0x7f96f37dbcd0>, id='00817d75276a95cf', url='https://api.twitter.com/1.1/geo/id/00817d75276a95cf.json', place_type='city', name='Lagos', full_name='Lagos, Nigeria', country_code='NG', country='Nigeria', bounding_box=BoundingBox(_api=<tweepy.api.API object at 0x7f96f37dbcd0>, type='Polygon', coordinates=[[[3.213147, 6.427886], [3.213147, 6.558339], [3.464064, 6.558339], [3.464064, 6.427886]]]), attributes={})",Twitter for Android
sprectranet,2019-08-09 12:03:10,@Spectranet_NG This is for 17512001 https://t.co/LtjW684A7d,,"Place(_api=<tweepy.api.API object at 0x7f96f37dbcd0>, id='00817d75276a95cf', url='https://api.twitter.com/1.1/geo/id/00817d75276a95cf.json', place_type='city', name='Lagos', full_name='Lagos, Nigeria', country_code='NG', country='Nigeria', bounding_box=BoundingBox(_api=<tweepy.api.API object at 0x7f96f37dbcd0>, type='Polygon', coordinates=[[[3.213147, 6.427886], [3.213147, 6.558339], [3.464064, 6.558339], [3.464064, 6.427886]]]), attributes={})",Twitter for Android
sprectranet,2019-08-09 11:19:07,@Spectranet_NG Payment made via Zenith Transfer for Customer ID 16300894 and 17572001,,"Place(_api=<tweepy.api.API object at 0x7f96f37dbcd0>, id='00817d75276a95cf', url='https://api.twitter.com/1.1/geo/id/00817d75276a95cf.json', place_type='city', name='Lagos', full_name='Lagos, Nigeria', country_code='NG', country='Nigeria', bounding_box=BoundingBox(_api=<tweepy.api.API object at 0x7f96f37dbcd0>, type='Polygon', coordinates=[[[3.213147, 6.427886], [3.213147, 6.558339], [3.464064, 6.558339], [3.464064, 6.427886]]]), attributes={})",Twitter for Android
sprectranet,2019-08-07 12:29:46,"@Spectranet_NG @Spectranet_NG @Spectranet_NG
 Don't make my day useless oooooooooh!

#Spectranet #BringBackMyNetwork #Spectranet #BringBackMyNetwork #Spectranet #BringBackMyNetwork",,"Place(_api=<tweepy.api.API object at 0x7f96f37dbcd0>, id='011a942e0a0e8fb2', url='https://api.twitter.com/1.1/geo/id/011a942e0a0e8fb2.json', place_type='admin', name='Lagos', full_name='Lagos, Nigeria', country_code='NG', country='Nigeria', bounding_box=BoundingBox(_api=<tweepy.api.API object at 0x7f96f37dbcd0>, type='Polygon', coordinates=[[[2.706304, 6.370388], [2.706304, 6.698546], [4.350022, 6.698546], [4.350022, 6.370388]]]), attributes={})",Twitter for Android
sprectranet,2019-09-11 13:50:37,All the telcos and ISPs in Nigeria are mad erratic. Except Glo and Spectranet. They're very consistent. Consistently rubbish.,,"Place(_api=<tweepy.api.API object at 0x7f96f37dbcd0>, id='011a942e0a0e8fb2', url='https://api.twitter.com/1.1/geo/id/011a942e0a0e8fb2.json', place_type='admin', name='Lagos', full_name='Lagos, Nigeria', country_code='NG', country='Nigeria', bounding_box=BoundingBox(_api=<tweepy.api.API object at 0x7f96f37dbcd0>, type='Polygon', coordinates=[[[2.706304, 6.370388], [2.706304, 6.698546], [4.350022, 6.698546], [4.350022, 6.370388]]]), attributes={})",Twitter for Android
sprectranet,2019-09-10 13:12:34,"@LexxyDee @Spectranet_NG @GlobacomNigeria That's the saddest thing. Are they not supposed to know that their service has degraded, yet no apologies and when I complain, their response is sloppy. SWIFT would extend my expiry just for few hours downtime.",,"Place(_api=<tweepy.api.API object at 0x7f96f37dbcd0>, id='00817d75276a95cf', url='https://api.twitter.com/1.1/geo/id/00817d75276a95cf.json', place_type='city', name='Lagos', full_name='Lagos, Nigeria', country_code='NG', country='Nigeria', bounding_box=BoundingBox(_api=<tweepy.api.API object at 0x7f96f37dbcd0>, type='Polygon', coordinates=[[[3.213147, 6.427886], [3.213147, 6.558339], [3.464064, 6.558339], [3.464064, 6.427886]]]), attributes={})",Twitter for Android
sprectranet,2019-09-09 19:21:55,"@Spectranet_NG @GlobacomNigeria I have sent you something on the frustrating experience through your seflcare portal after several complaints and a visit to your Bode Thomas office. Pls fix it today and forever...Otherwise, I port",,"Place(_api=<tweepy.api.API object at 0x7f96f37dbcd0>, id='00817d75276a95cf', url='https://api.twitter.com/1.1/geo/id/00817d75276a95cf.json', place_type='city', name='Lagos', full_name='Lagos, Nigeria', country_code='NG', country='Nigeria', bounding_box=BoundingBox(_api=<tweepy.api.API object at 0x7f96f37dbcd0>, type='Polygon', coordinates=[[[3.213147, 6.427886], [3.213147, 6.558339], [3.464064, 6.558339], [3.464064, 6.427886]]]), attributes={})",Twitter for Android
sprectranet,2019-09-09 19:05:48,@Officialkome_ @Spectranet_NG This people don frustrate me finish kai. I‚Äôm tired,,"Place(_api=<tweepy.api.API object at 0x7f96f37dbcd0>, id='00817d75276a95cf', url='https://api.twitter.com/1.1/geo/id/00817d75276a95cf.json', place_type='city', name='Lagos', full_name='Lagos, Nigeria', country_code='NG', country='Nigeria', bounding_box=BoundingBox(_api=<tweepy.api.API object at 0x7f96f37dbcd0>, type='Polygon', coordinates=[[[3.213147, 6.427886], [3.213147, 6.558339], [3.464064, 6.558339], [3.464064, 6.427886]]]), attributes={})",Twitter for iPhone
sprectranet,2019-09-09 18:52:16,Man if I ever sub on this @Spectranet_NG again make my sperm turn water. Fucking had it with their incompetence https://t.co/FY0f5IGscl,,"Place(_api=<tweepy.api.API object at 0x7f96f37dbcd0>, id='00817d75276a95cf', url='https://api.twitter.com/1.1/geo/id/00817d75276a95cf.json', place_type='city', name='Lagos', full_name='Lagos, Nigeria', country_code='NG', country='Nigeria', bounding_box=BoundingBox(_api=<tweepy.api.API object at 0x7f96f37dbcd0>, type='Polygon', coordinates=[[[3.213147, 6.427886], [3.213147, 6.558339], [3.464064, 6.558339], [3.464064, 6.427886]]]), attributes={})",Twitter for iPhone
sprectranet,2019-09-09 15:29:35,@Spectranet_NG can you explain how my 50GB Spectranet data becomes so useless that I have to rely on my 200MB @GlobacomNigeria mobile data to send this tweet?,,"Place(_api=<tweepy.api.API object at 0x7f96f37dbcd0>, id='00817d75276a95cf', url='https://api.twitter.com/1.1/geo/id/00817d75276a95cf.json', place_type='city', name='Lagos', full_name='Lagos, Nigeria', country_code='NG', country='Nigeria', bounding_box=BoundingBox(_api=<tweepy.api.API object at 0x7f96f37dbcd0>, type='Polygon', coordinates=[[[3.213147, 6.427886], [3.213147, 6.558339], [3.464064, 6.558339], [3.464064, 6.427886]]]), attributes={})",Twitter for Android
sprectranet,2019-09-07 20:44:56,"@Spectranet_NG how far una, your network has been consistently terrible for days now. Biko fix up its frustrating",,"Place(_api=<tweepy.api.API object at 0x7f96f37dbcd0>, id='00817d75276a95cf', url='https://api.twitter.com/1.1/geo/id/00817d75276a95cf.json', place_type='city', name='Lagos', full_name='Lagos, Nigeria', country_code='NG', country='Nigeria', bounding_box=BoundingBox(_api=<tweepy.api.API object at 0x7f96f37dbcd0>, type='Polygon', coordinates=[[[3.213147, 6.427886], [3.213147, 6.558339], [3.464064, 6.558339], [3.464064, 6.427886]]]), attributes={})",Twitter for iPhone
sprectranet,2019-09-06 16:47:09,"My extra @Spectranet_NG data has landed
@Dis_z_Bash see yourself outside üòÇ",,"Place(_api=<tweepy.api.API object at 0x7f96f37dbcd0>, id='00817d75276a95cf', url='https://api.twitter.com/1.1/geo/id/00817d75276a95cf.json', place_type='city', name='Lagos', full_name='Lagos, Nigeria', country_code='NG', country='Nigeria', bounding_box=BoundingBox(_api=<tweepy.api.API object at 0x7f96f37dbcd0>, type='Polygon', coordinates=[[[3.213147, 6.427886], [3.213147, 6.558339], [3.464064, 6.558339], [3.464064, 6.427886]]]), attributes={})",Twitter for Android
sprectranet,2019-09-06 16:21:10,Nothing as frustrating as terrible network and Spectranet is taking the piss right now,,"Place(_api=<tweepy.api.API object at 0x7f96f37dbcd0>, id='00817d75276a95cf', url='https://api.twitter.com/1.1/geo/id/00817d75276a95cf.json', place_type='city', name='Lagos', full_name='Lagos, Nigeria', country_code='NG', country='Nigeria', bounding_box=BoundingBox(_api=<tweepy.api.API object at 0x7f96f37dbcd0>, type='Polygon', coordinates=[[[3.213147, 6.427886], [3.213147, 6.558339], [3.464064, 6.558339], [3.464064, 6.427886]]]), attributes={})",Twitter for iPhone
sprectranet,2019-09-06 16:02:52,Why is spectranet messing up like this,,"Place(_api=<tweepy.api.API object at 0x7f96f37dbcd0>, id='00817d75276a95cf', url='https://api.twitter.com/1.1/geo/id/00817d75276a95cf.json', place_type='city', name='Lagos', full_name='Lagos, Nigeria', country_code='NG', country='Nigeria', bounding_box=BoundingBox(_api=<tweepy.api.API object at 0x7f96f37dbcd0>, type='Polygon', coordinates=[[[3.213147, 6.427886], [3.213147, 6.558339], [3.464064, 6.558339], [3.464064, 6.427886]]]), attributes={})",Twitter for iPhone
sprectranet,2019-09-06 14:14:17,"Hi @Spectranet_NG
 
I got the mail for the double data offer and promptly renewed this account 19184987 around 10am but the bonus data is still missing from my portal
Please rectify as soon as possible",,"Place(_api=<tweepy.api.API object at 0x7f96f37dbcd0>, id='00817d75276a95cf', url='https://api.twitter.com/1.1/geo/id/00817d75276a95cf.json', place_type='city', name='Lagos', full_name='Lagos, Nigeria', country_code='NG', country='Nigeria', bounding_box=BoundingBox(_api=<tweepy.api.API object at 0x7f96f37dbcd0>, type='Polygon', coordinates=[[[3.213147, 6.427886], [3.213147, 6.558339], [3.464064, 6.558339], [3.464064, 6.427886]]]), attributes={})",Twitter for Android
sprectranet,2019-09-06 10:59:40,@coder_blvck Spectranet will be smiling to the bank soon üòÇüò≠,,"Place(_api=<tweepy.api.API object at 0x7f96f37dbcd0>, id='00817d75276a95cf', url='https://api.twitter.com/1.1/geo/id/00817d75276a95cf.json', place_type='city', name='Lagos', full_name='Lagos, Nigeria', country_code='NG', country='Nigeria', bounding_box=BoundingBox(_api=<tweepy.api.API object at 0x7f96f37dbcd0>, type='Polygon', coordinates=[[[3.213147, 6.427886], [3.213147, 6.558339], [3.464064, 6.558339], [3.464064, 6.427886]]]), attributes={})",Twitter for iPhone
sprectranet,2019-09-05 12:14:03,@Spectranet_NG https://t.co/0LbVfk6RNE,,"Place(_api=<tweepy.api.API object at 0x7f96f37dbcd0>, id='011a942e0a0e8fb2', url='https://api.twitter.com/1.1/geo/id/011a942e0a0e8fb2.json', place_type='admin', name='Lagos', full_name='Lagos, Nigeria', country_code='NG', country='Nigeria', bounding_box=BoundingBox(_api=<tweepy.api.API object at 0x7f96f37dbcd0>, type='Polygon', coordinates=[[[2.706304, 6.370388], [2.706304, 6.698546], [4.350022, 6.698546], [4.350022, 6.370388]]]), attributes={})",Twitter for Android
sprectranet,2019-09-04 20:59:09,I‚Äôm tired who wants to buy Spectranet? I have 170gig of data o le lo tan and it‚Äôs peeble (longer battery life),,"Place(_api=<tweepy.api.API object at 0x7f96f37dbcd0>, id='00817d75276a95cf', url='https://api.twitter.com/1.1/geo/id/00817d75276a95cf.json', place_type='city', name='Lagos', full_name='Lagos, Nigeria', country_code='NG', country='Nigeria', bounding_box=BoundingBox(_api=<tweepy.api.API object at 0x7f96f37dbcd0>, type='Polygon', coordinates=[[[3.213147, 6.427886], [3.213147, 6.558339], [3.464064, 6.558339], [3.464064, 6.427886]]]), attributes={})",Twitter for iPhone
sprectranet,2019-09-04 13:44:34,"@Spectranet_NG I credit your Lagos collection account. I've notify care@spectranet.com.ng 
I hope they load my Spectranet account soon",,"Place(_api=<tweepy.api.API object at 0x7f96f37dbcd0>, id='00817d75276a95cf', url='https://api.twitter.com/1.1/geo/id/00817d75276a95cf.json', place_type='city', name='Lagos', full_name='Lagos, Nigeria', country_code='NG', country='Nigeria', bounding_box=BoundingBox(_api=<tweepy.api.API object at 0x7f96f37dbcd0>, type='Polygon', coordinates=[[[3.213147, 6.427886], [3.213147, 6.558339], [3.464064, 6.558339], [3.464064, 6.427886]]]), attributes={})",Twitter for iPhone
sprectranet,2019-09-04 12:38:23,@Spectranet_NG how can I renew my EVO mifi. I can't access your branch offices now. I think there should be a way I can sub withy credit card,,"Place(_api=<tweepy.api.API object at 0x7f96f37dbcd0>, id='00817d75276a95cf', url='https://api.twitter.com/1.1/geo/id/00817d75276a95cf.json', place_type='city', name='Lagos', full_name='Lagos, Nigeria', country_code='NG', country='Nigeria', bounding_box=BoundingBox(_api=<tweepy.api.API object at 0x7f96f37dbcd0>, type='Polygon', coordinates=[[[3.213147, 6.427886], [3.213147, 6.558339], [3.464064, 6.558339], [3.464064, 6.427886]]]), attributes={})",Twitter for iPhone
sprectranet,2019-09-02 15:50:14,"Renewing my subscription for my Spectranet Evo Mifi rn has to be the worst decision I have taken today. 
Whatever ""reset"" signal with the arrow your customer care rep said is next to it doesn't exist on mine. 

@Spectranet_NG",,"Place(_api=<tweepy.api.API object at 0x7f96f37dbcd0>, id='00817d75276a95cf', url='https://api.twitter.com/1.1/geo/id/00817d75276a95cf.json', place_type='city', name='Lagos', full_name='Lagos, Nigeria', country_code='NG', country='Nigeria', bounding_box=BoundingBox(_api=<tweepy.api.API object at 0x7f96f37dbcd0>, type='Polygon', coordinates=[[[3.213147, 6.427886], [3.213147, 6.558339], [3.464064, 6.558339], [3.464064, 6.427886]]]), attributes={})",Twitter for Android
sprectranet,2019-09-01 16:20:43,I couldn‚Äôt decide which Spectranet bundle to renew to. Then I remembered my precious FaceTime calls with the most adorable toddler in the world and it was case closed.,,"Place(_api=<tweepy.api.API object at 0x7f96f37dbcd0>, id='011a942e0a0e8fb2', url='https://api.twitter.com/1.1/geo/id/011a942e0a0e8fb2.json', place_type='admin', name='Lagos', full_name='Lagos, Nigeria', country_code='NG', country='Nigeria', bounding_box=BoundingBox(_api=<tweepy.api.API object at 0x7f96f37dbcd0>, type='Polygon', coordinates=[[[2.706304, 6.370388], [2.706304, 6.698546], [4.350022, 6.698546], [4.350022, 6.370388]]]), attributes={})",Twitter for iPhone
sprectranet,2019-09-01 11:33:41,"Can't watch videos in peace. 
@Spectranet_NG fix up your network",,"Place(_api=<tweepy.api.API object at 0x7f96f37dbcd0>, id='00817d75276a95cf', url='https://api.twitter.com/1.1/geo/id/00817d75276a95cf.json', place_type='city', name='Lagos', full_name='Lagos, Nigeria', country_code='NG', country='Nigeria', bounding_box=BoundingBox(_api=<tweepy.api.API object at 0x7f96f37dbcd0>, type='Polygon', coordinates=[[[3.213147, 6.427886], [3.213147, 6.558339], [3.464064, 6.558339], [3.464064, 6.427886]]]), attributes={})",Twitter for Android
sprectranet,2019-08-31 10:59:27,@Spectranet_NG How do I get my username and password? For ur wifi,,"Place(_api=<tweepy.api.API object at 0x7f96f37dbcd0>, id='00817d75276a95cf', url='https://api.twitter.com/1.1/geo/id/00817d75276a95cf.json', place_type='city', name='Lagos', full_name='Lagos, Nigeria', country_code='NG', country='Nigeria', bounding_box=BoundingBox(_api=<tweepy.api.API object at 0x7f96f37dbcd0>, type='Polygon', coordinates=[[[3.213147, 6.427886], [3.213147, 6.558339], [3.464064, 6.558339], [3.464064, 6.427886]]]), attributes={})",Twitter for Android
sprectranet,2019-08-30 12:10:33,"Just had an awesome customer service experience from @Spectranet_NG
. David listened and found a way to make it work. His supervisor Tunji (I think) was ACE! This is why I stick with Spectranet! Keep up the great work and don‚Äôt make me regret my words PLEASE!",,"Place(_api=<tweepy.api.API object at 0x7f96f37dbcd0>, id='011a942e0a0e8fb2', url='https://api.twitter.com/1.1/geo/id/011a942e0a0e8fb2.json', place_type='admin', name='Lagos', full_name='Lagos, Nigeria', country_code='NG', country='Nigeria', bounding_box=BoundingBox(_api=<tweepy.api.API object at 0x7f96f37dbcd0>, type='Polygon', coordinates=[[[2.706304, 6.370388], [2.706304, 6.698546], [4.350022, 6.698546], [4.350022, 6.370388]]]), attributes={})",Twitter for iPhone
sprectranet,2019-08-30 12:02:09,@DEUXSVELTE Yea that‚Äôs where I went to.  Which of the Spectranet do you have?,,"Place(_api=<tweepy.api.API object at 0x7f96f37dbcd0>, id='00817d75276a95cf', url='https://api.twitter.com/1.1/geo/id/00817d75276a95cf.json', place_type='city', name='Lagos', full_name='Lagos, Nigeria', country_code='NG', country='Nigeria', bounding_box=BoundingBox(_api=<tweepy.api.API object at 0x7f96f37dbcd0>, type='Polygon', coordinates=[[[3.213147, 6.427886], [3.213147, 6.558339], [3.464064, 6.558339], [3.464064, 6.427886]]]), attributes={})",Twitter for iPhone
sprectranet,2019-08-30 11:55:29,@TheJideLagos Did my spectranet sometimes ago maybe Na the wrong person . Ask of bode that repairs iphone should be able to link you,,"Place(_api=<tweepy.api.API object at 0x7f96f37dbcd0>, id='00817d75276a95cf', url='https://api.twitter.com/1.1/geo/id/00817d75276a95cf.json', place_type='city', name='Lagos', full_name='Lagos, Nigeria', country_code='NG', country='Nigeria', bounding_box=BoundingBox(_api=<tweepy.api.API object at 0x7f96f37dbcd0>, type='Polygon', coordinates=[[[3.213147, 6.427886], [3.213147, 6.558339], [3.464064, 6.558339], [3.464064, 6.427886]]]), attributes={})",Twitter for iPhone
sprectranet,2019-08-30 11:54:12,@DEUXSVELTE Gone there they cannot do Spectranet oo üò≠üò≠üò≠üò©üò©üò©,,"Place(_api=<tweepy.api.API object at 0x7f96f37dbcd0>, id='00817d75276a95cf', url='https://api.twitter.com/1.1/geo/id/00817d75276a95cf.json', place_type='city', name='Lagos', full_name='Lagos, Nigeria', country_code='NG', country='Nigeria', bounding_box=BoundingBox(_api=<tweepy.api.API object at 0x7f96f37dbcd0>, type='Polygon', coordinates=[[[3.213147, 6.427886], [3.213147, 6.558339], [3.464064, 6.558339], [3.464064, 6.427886]]]), attributes={})",Twitter for iPhone
sprectranet,2019-08-30 10:40:47,Spectranet trust me I can assure you don‚Äôt try smile üòÉ https://t.co/wE8IHGCdxZ,,"Place(_api=<tweepy.api.API object at 0x7f96f37dbcd0>, id='00817d75276a95cf', url='https://api.twitter.com/1.1/geo/id/00817d75276a95cf.json', place_type='city', name='Lagos', full_name='Lagos, Nigeria', country_code='NG', country='Nigeria', bounding_box=BoundingBox(_api=<tweepy.api.API object at 0x7f96f37dbcd0>, type='Polygon', coordinates=[[[3.213147, 6.427886], [3.213147, 6.558339], [3.464064, 6.558339], [3.464064, 6.427886]]]), attributes={})",Twitter for iPhone
sprectranet,2019-08-30 10:34:55,Get a WiFi like Spectranet I think that‚Äôs better those networks @MTNNG @AirtelNigeria @glo are all scam https://t.co/2wIK5E1vF6,,"Place(_api=<tweepy.api.API object at 0x7f96f37dbcd0>, id='00817d75276a95cf', url='https://api.twitter.com/1.1/geo/id/00817d75276a95cf.json', place_type='city', name='Lagos', full_name='Lagos, Nigeria', country_code='NG', country='Nigeria', bounding_box=BoundingBox(_api=<tweepy.api.API object at 0x7f96f37dbcd0>, type='Polygon', coordinates=[[[3.213147, 6.427886], [3.213147, 6.558339], [3.464064, 6.558339], [3.464064, 6.427886]]]), attributes={})",Twitter for iPhone
sprectranet,2019-08-30 07:41:41,@Spectranet_NG Which one do I download on my phone https://t.co/t80SZRoPrD,,"Place(_api=<tweepy.api.API object at 0x7f96f37dbcd0>, id='00817d75276a95cf', url='https://api.twitter.com/1.1/geo/id/00817d75276a95cf.json', place_type='city', name='Lagos', full_name='Lagos, Nigeria', country_code='NG', country='Nigeria', bounding_box=BoundingBox(_api=<tweepy.api.API object at 0x7f96f37dbcd0>, type='Polygon', coordinates=[[[3.213147, 6.427886], [3.213147, 6.558339], [3.464064, 6.558339], [3.464064, 6.427886]]]), attributes={})",Twitter for Android
sprectranet,2019-08-29 22:10:05,"The most useless internet provider is @Spectranet_NG
 
As a customer of over 5 years, you can take it to the bank. 

To download as low as 5mb or stream movies online, it turns to war.",,"Place(_api=<tweepy.api.API object at 0x7f96f37dbcd0>, id='00817d75276a95cf', url='https://api.twitter.com/1.1/geo/id/00817d75276a95cf.json', place_type='city', name='Lagos', full_name='Lagos, Nigeria', country_code='NG', country='Nigeria', bounding_box=BoundingBox(_api=<tweepy.api.API object at 0x7f96f37dbcd0>, type='Polygon', coordinates=[[[3.213147, 6.427886], [3.213147, 6.558339], [3.464064, 6.558339], [3.464064, 6.427886]]]), attributes={})",Twitter for Android
sprectranet,2019-08-29 09:42:55,"@Spectranet_NG Good day 
Please I will like to know how strong is your network in Alapere area of Lagos State. Oriola Axis to be precise",,"Place(_api=<tweepy.api.API object at 0x7f96f37dbcd0>, id='00817d75276a95cf', url='https://api.twitter.com/1.1/geo/id/00817d75276a95cf.json', place_type='city', name='Lagos', full_name='Lagos, Nigeria', country_code='NG', country='Nigeria', bounding_box=BoundingBox(_api=<tweepy.api.API object at 0x7f96f37dbcd0>, type='Polygon', coordinates=[[[3.213147, 6.427886], [3.213147, 6.558339], [3.464064, 6.558339], [3.464064, 6.427886]]]), attributes={})",Twitter for Android
sprectranet,2019-08-28 08:09:35,Dear spectranet some of us only subscribe when we ve very important things to do with the internet.bikonu stop stop calling us like we owe uüò©,,"Place(_api=<tweepy.api.API object at 0x7f96f37dbcd0>, id='00817d75276a95cf', url='https://api.twitter.com/1.1/geo/id/00817d75276a95cf.json', place_type='city', name='Lagos', full_name='Lagos, Nigeria', country_code='NG', country='Nigeria', bounding_box=BoundingBox(_api=<tweepy.api.API object at 0x7f96f37dbcd0>, type='Polygon', coordinates=[[[3.213147, 6.427886], [3.213147, 6.558339], [3.464064, 6.558339], [3.464064, 6.427886]]]), attributes={})",Twitter for iPhone
sprectranet,2019-08-28 07:34:48,@Spectranet_NGI understand you cap the speed when u exceed 100G... But this managing I have been managing for a while now is too much.. This is well below 522KB/süôÑüôÑ,,"Place(_api=<tweepy.api.API object at 0x7f96f37dbcd0>, id='00817d75276a95cf', url='https://api.twitter.com/1.1/geo/id/00817d75276a95cf.json', place_type='city', name='Lagos', full_name='Lagos, Nigeria', country_code='NG', country='Nigeria', bounding_box=BoundingBox(_api=<tweepy.api.API object at 0x7f96f37dbcd0>, type='Polygon', coordinates=[[[3.213147, 6.427886], [3.213147, 6.558339], [3.464064, 6.558339], [3.464064, 6.427886]]]), attributes={})",Twitter for Android
sprectranet,2019-08-27 19:24:41,@Spectranet_NG Is there 100% bonus offer today? üòâ,,"Place(_api=<tweepy.api.API object at 0x7f96f37dbcd0>, id='00817d75276a95cf', url='https://api.twitter.com/1.1/geo/id/00817d75276a95cf.json', place_type='city', name='Lagos', full_name='Lagos, Nigeria', country_code='NG', country='Nigeria', bounding_box=BoundingBox(_api=<tweepy.api.API object at 0x7f96f37dbcd0>, type='Polygon', coordinates=[[[3.213147, 6.427886], [3.213147, 6.558339], [3.464064, 6.558339], [3.464064, 6.427886]]]), attributes={})",Twitter for iPhone
sprectranet,2019-08-27 06:17:41,@OlawaleOnibata @Spectranet_NG @OlawaleOnibata no be your fault o!,,"Place(_api=<tweepy.api.API object at 0x7f96f37dbcd0>, id='00817d75276a95cf', url='https://api.twitter.com/1.1/geo/id/00817d75276a95cf.json', place_type='city', name='Lagos', full_name='Lagos, Nigeria', country_code='NG', country='Nigeria', bounding_box=BoundingBox(_api=<tweepy.api.API object at 0x7f96f37dbcd0>, type='Polygon', coordinates=[[[3.213147, 6.427886], [3.213147, 6.558339], [3.464064, 6.558339], [3.464064, 6.427886]]]), attributes={})",Twitter for Android
sprectranet,2019-08-25 16:45:07,SPECTRANET is just a BIG SCAM!,,"Place(_api=<tweepy.api.API object at 0x7f96f37dbcd0>, id='00817d75276a95cf', url='https://api.twitter.com/1.1/geo/id/00817d75276a95cf.json', place_type='city', name='Lagos', full_name='Lagos, Nigeria', country_code='NG', country='Nigeria', bounding_box=BoundingBox(_api=<tweepy.api.API object at 0x7f96f37dbcd0>, type='Polygon', coordinates=[[[3.213147, 6.427886], [3.213147, 6.558339], [3.464064, 6.558339], [3.464064, 6.427886]]]), attributes={})",Twitter for Android
sprectranet,2019-09-30 16:25:04,@Spectranet_NG  pls help,,"Place(_api=<tweepy.api.API object at 0x7f96f37dbcd0>, id='00817d75276a95cf', url='https://api.twitter.com/1.1/geo/id/00817d75276a95cf.json', place_type='city', name='Lagos', full_name='Lagos, Nigeria', country_code='NG', country='Nigeria', bounding_box=BoundingBox(_api=<tweepy.api.API object at 0x7f96f37dbcd0>, type='Polygon', coordinates=[[[3.213147, 6.427886], [3.213147, 6.558339], [3.464064, 6.558339], [3.464064, 6.427886]]]), attributes={})",Twitter for iPhone
sprectranet,2019-09-30 07:29:14,"@Spectranet_NG My Instagram and WhatsApp status has not been loading for the past 3 days and your support reps are not helping issues at all, they keep putting me through the same fruitless process. 72hrs is enough time to fix whatever the problem might beü§¶‚Äç‚ôÄÔ∏è",,"Place(_api=<tweepy.api.API object at 0x7f96f37dbcd0>, id='00817d75276a95cf', url='https://api.twitter.com/1.1/geo/id/00817d75276a95cf.json', place_type='city', name='Lagos', full_name='Lagos, Nigeria', country_code='NG', country='Nigeria', bounding_box=BoundingBox(_api=<tweepy.api.API object at 0x7f96f37dbcd0>, type='Polygon', coordinates=[[[3.213147, 6.427886], [3.213147, 6.558339], [3.464064, 6.558339], [3.464064, 6.427886]]]), attributes={})",Twitter for iPhone
sprectranet,2019-09-30 05:16:56,Spectranet is really starting to take the piss right now. They have become way so shitty lately,,"Place(_api=<tweepy.api.API object at 0x7f96f37dbcd0>, id='00817d75276a95cf', url='https://api.twitter.com/1.1/geo/id/00817d75276a95cf.json', place_type='city', name='Lagos', full_name='Lagos, Nigeria', country_code='NG', country='Nigeria', bounding_box=BoundingBox(_api=<tweepy.api.API object at 0x7f96f37dbcd0>, type='Polygon', coordinates=[[[3.213147, 6.427886], [3.213147, 6.558339], [3.464064, 6.558339], [3.464064, 6.427886]]]), attributes={})",Twitter for iPhone
sprectranet,2019-09-30 05:00:05,This @Spectranet_NG unlimited night browsing is a major scam,,"Place(_api=<tweepy.api.API object at 0x7f96f37dbcd0>, id='00817d75276a95cf', url='https://api.twitter.com/1.1/geo/id/00817d75276a95cf.json', place_type='city', name='Lagos', full_name='Lagos, Nigeria', country_code='NG', country='Nigeria', bounding_box=BoundingBox(_api=<tweepy.api.API object at 0x7f96f37dbcd0>, type='Polygon', coordinates=[[[3.213147, 6.427886], [3.213147, 6.558339], [3.464064, 6.558339], [3.464064, 6.427886]]]), attributes={})",Twitter for iPhone
sprectranet,2019-09-29 19:47:07,Is it only me or Spectranet network isn‚Äôt loading Instagram cuz I don‚Äôt get it,,"Place(_api=<tweepy.api.API object at 0x7f96f37dbcd0>, id='00817d75276a95cf', url='https://api.twitter.com/1.1/geo/id/00817d75276a95cf.json', place_type='city', name='Lagos', full_name='Lagos, Nigeria', country_code='NG', country='Nigeria', bounding_box=BoundingBox(_api=<tweepy.api.API object at 0x7f96f37dbcd0>, type='Polygon', coordinates=[[[3.213147, 6.427886], [3.213147, 6.558339], [3.464064, 6.558339], [3.464064, 6.427886]]]), attributes={})",Twitter for iPhone
sprectranet,2019-09-29 16:07:48,@Spectranet_NG what's up with your network too naaaaaaa üò≠üò≠üò≠üò≠üò≠üò≠üò≠üò≠üò≠üò≠,,"Place(_api=<tweepy.api.API object at 0x7f96f37dbcd0>, id='00817d75276a95cf', url='https://api.twitter.com/1.1/geo/id/00817d75276a95cf.json', place_type='city', name='Lagos', full_name='Lagos, Nigeria', country_code='NG', country='Nigeria', bounding_box=BoundingBox(_api=<tweepy.api.API object at 0x7f96f37dbcd0>, type='Polygon', coordinates=[[[3.213147, 6.427886], [3.213147, 6.558339], [3.464064, 6.558339], [3.464064, 6.427886]]]), attributes={})",Twitter for Android
sprectranet,2019-09-29 14:53:43,"I can't view pictures on Instagram or WhatsApp stories unless I use VPN. 
@Spectranet_NG fix this issue",,"Place(_api=<tweepy.api.API object at 0x7f96f37dbcd0>, id='00817d75276a95cf', url='https://api.twitter.com/1.1/geo/id/00817d75276a95cf.json', place_type='city', name='Lagos', full_name='Lagos, Nigeria', country_code='NG', country='Nigeria', bounding_box=BoundingBox(_api=<tweepy.api.API object at 0x7f96f37dbcd0>, type='Polygon', coordinates=[[[3.213147, 6.427886], [3.213147, 6.558339], [3.464064, 6.558339], [3.464064, 6.427886]]]), attributes={})",Twitter for Android
sprectranet,2019-09-29 07:24:47,@Cohannnnn @gboukzi @Spectranet_NG Ah. That's fucked up.,,"Place(_api=<tweepy.api.API object at 0x7f96f37dbcd0>, id='00817d75276a95cf', url='https://api.twitter.com/1.1/geo/id/00817d75276a95cf.json', place_type='city', name='Lagos', full_name='Lagos, Nigeria', country_code='NG', country='Nigeria', bounding_box=BoundingBox(_api=<tweepy.api.API object at 0x7f96f37dbcd0>, type='Polygon', coordinates=[[[3.213147, 6.427886], [3.213147, 6.558339], [3.464064, 6.558339], [3.464064, 6.427886]]]), attributes={})",Twitter for iPhone
sprectranet,2019-09-28 14:29:30,@BiyiToluwalase @Spectranet_NG https://t.co/XXTxSjbw0i,,"Place(_api=<tweepy.api.API object at 0x7f96f37dbcd0>, id='011a942e0a0e8fb2', url='https://api.twitter.com/1.1/geo/id/011a942e0a0e8fb2.json', place_type='admin', name='Lagos', full_name='Lagos, Nigeria', country_code='NG', country='Nigeria', bounding_box=BoundingBox(_api=<tweepy.api.API object at 0x7f96f37dbcd0>, type='Polygon', coordinates=[[[2.706304, 6.370388], [2.706304, 6.698546], [4.350022, 6.698546], [4.350022, 6.370388]]]), attributes={})",Twitter for iPhone
sprectranet,2019-09-28 08:56:54,Is what‚Äôs app wilding or it‚Äôs spectranet?,,"Place(_api=<tweepy.api.API object at 0x7f96f37dbcd0>, id='00817d75276a95cf', url='https://api.twitter.com/1.1/geo/id/00817d75276a95cf.json', place_type='city', name='Lagos', full_name='Lagos, Nigeria', country_code='NG', country='Nigeria', bounding_box=BoundingBox(_api=<tweepy.api.API object at 0x7f96f37dbcd0>, type='Polygon', coordinates=[[[3.213147, 6.427886], [3.213147, 6.558339], [3.464064, 6.558339], [3.464064, 6.427886]]]), attributes={})",Twitter for iPhone
sprectranet,2019-09-27 23:38:52,Spectranet is useless.,,"Place(_api=<tweepy.api.API object at 0x7f96f37dbcd0>, id='00817d75276a95cf', url='https://api.twitter.com/1.1/geo/id/00817d75276a95cf.json', place_type='city', name='Lagos', full_name='Lagos, Nigeria', country_code='NG', country='Nigeria', bounding_box=BoundingBox(_api=<tweepy.api.API object at 0x7f96f37dbcd0>, type='Polygon', coordinates=[[[3.213147, 6.427886], [3.213147, 6.558339], [3.464064, 6.558339], [3.464064, 6.427886]]]), attributes={})",Twitter for iPhone
sprectranet,2019-09-26 20:45:16,"@Spectranet_NG my Spectranet cpe router with ID 19017418 is not showing the wlan connected light. My subscription ended, I dumped the router and now I just subscribed and it‚Äôs not working.",,"Place(_api=<tweepy.api.API object at 0x7f96f37dbcd0>, id='00817d75276a95cf', url='https://api.twitter.com/1.1/geo/id/00817d75276a95cf.json', place_type='city', name='Lagos', full_name='Lagos, Nigeria', country_code='NG', country='Nigeria', bounding_box=BoundingBox(_api=<tweepy.api.API object at 0x7f96f37dbcd0>, type='Polygon', coordinates=[[[3.213147, 6.427886], [3.213147, 6.558339], [3.464064, 6.558339], [3.464064, 6.427886]]]), attributes={})",Twitter for iPhone
sprectranet,2019-09-26 19:25:30,"Yo @Spectranet_NG how do I change my information on a Spectranet? My name, address et all?",,"Place(_api=<tweepy.api.API object at 0x7f96f37dbcd0>, id='00817d75276a95cf', url='https://api.twitter.com/1.1/geo/id/00817d75276a95cf.json', place_type='city', name='Lagos', full_name='Lagos, Nigeria', country_code='NG', country='Nigeria', bounding_box=BoundingBox(_api=<tweepy.api.API object at 0x7f96f37dbcd0>, type='Polygon', coordinates=[[[3.213147, 6.427886], [3.213147, 6.558339], [3.464064, 6.558339], [3.464064, 6.427886]]]), attributes={})",Twitter for iPhone
sprectranet,2019-09-26 18:47:47,Finally found a buyer for my Spectranet. Ka ma pade mo. O di gbere o di gbo,,"Place(_api=<tweepy.api.API object at 0x7f96f37dbcd0>, id='00817d75276a95cf', url='https://api.twitter.com/1.1/geo/id/00817d75276a95cf.json', place_type='city', name='Lagos', full_name='Lagos, Nigeria', country_code='NG', country='Nigeria', bounding_box=BoundingBox(_api=<tweepy.api.API object at 0x7f96f37dbcd0>, type='Polygon', coordinates=[[[3.213147, 6.427886], [3.213147, 6.558339], [3.464064, 6.558339], [3.464064, 6.427886]]]), attributes={})",Twitter for iPhone
sprectranet,2019-09-25 11:07:24,When will Spectranet do double data,,"Place(_api=<tweepy.api.API object at 0x7f96f37dbcd0>, id='00817d75276a95cf', url='https://api.twitter.com/1.1/geo/id/00817d75276a95cf.json', place_type='city', name='Lagos', full_name='Lagos, Nigeria', country_code='NG', country='Nigeria', bounding_box=BoundingBox(_api=<tweepy.api.API object at 0x7f96f37dbcd0>, type='Polygon', coordinates=[[[3.213147, 6.427886], [3.213147, 6.558339], [3.464064, 6.558339], [3.464064, 6.427886]]]), attributes={})",Twitter for iPhone
sprectranet,2019-09-23 11:21:58,@Spectranet_NG your network is terrible Chai... And yes I have removed my sim and restarted,,"Place(_api=<tweepy.api.API object at 0x7f96f37dbcd0>, id='00817d75276a95cf', url='https://api.twitter.com/1.1/geo/id/00817d75276a95cf.json', place_type='city', name='Lagos', full_name='Lagos, Nigeria', country_code='NG', country='Nigeria', bounding_box=BoundingBox(_api=<tweepy.api.API object at 0x7f96f37dbcd0>, type='Polygon', coordinates=[[[3.213147, 6.427886], [3.213147, 6.558339], [3.464064, 6.558339], [3.464064, 6.427886]]]), attributes={})",Twitter for Android
sprectranet,2019-09-22 22:59:21,@maurihnn Spectranet,,"Place(_api=<tweepy.api.API object at 0x7f96f37dbcd0>, id='00817d75276a95cf', url='https://api.twitter.com/1.1/geo/id/00817d75276a95cf.json', place_type='city', name='Lagos', full_name='Lagos, Nigeria', country_code='NG', country='Nigeria', bounding_box=BoundingBox(_api=<tweepy.api.API object at 0x7f96f37dbcd0>, type='Polygon', coordinates=[[[3.213147, 6.427886], [3.213147, 6.558339], [3.464064, 6.558339], [3.464064, 6.427886]]]), attributes={})",Twitter for iPhone
sprectranet,2019-09-21 11:56:06,"I have never subscribed my data for a month and it ever lasted up to that and I dont even download shit ..I have to order me a Mifi biko 
@Spectranet_NG come to my aid before I change my mind.",,"Place(_api=<tweepy.api.API object at 0x7f96f37dbcd0>, id='011a942e0a0e8fb2', url='https://api.twitter.com/1.1/geo/id/011a942e0a0e8fb2.json', place_type='admin', name='Lagos', full_name='Lagos, Nigeria', country_code='NG', country='Nigeria', bounding_box=BoundingBox(_api=<tweepy.api.API object at 0x7f96f37dbcd0>, type='Polygon', coordinates=[[[2.706304, 6.370388], [2.706304, 6.698546], [4.350022, 6.698546], [4.350022, 6.370388]]]), attributes={})",Twitter for Android
sprectranet,2019-09-21 06:40:26,Spectranet expired last night and I‚Äôm patiently waiting for the unlucky and unfortunate customer personnel that will call me to inform and cajole me about it. I feel sorry already for the person cos mo ma soro ba aye e! I‚Äôve been the one calling and no fix now it‚Äôs their turn.,,"Place(_api=<tweepy.api.API object at 0x7f96f37dbcd0>, id='00817d75276a95cf', url='https://api.twitter.com/1.1/geo/id/00817d75276a95cf.json', place_type='city', name='Lagos', full_name='Lagos, Nigeria', country_code='NG', country='Nigeria', bounding_box=BoundingBox(_api=<tweepy.api.API object at 0x7f96f37dbcd0>, type='Polygon', coordinates=[[[3.213147, 6.427886], [3.213147, 6.558339], [3.464064, 6.558339], [3.464064, 6.427886]]]), attributes={})",Twitter for iPhone
sprectranet,2019-09-20 16:34:42,@itohan94 @suzyonce_ Try using Spectranet. It‚Äôs better,,"Place(_api=<tweepy.api.API object at 0x7f96f37dbcd0>, id='00817d75276a95cf', url='https://api.twitter.com/1.1/geo/id/00817d75276a95cf.json', place_type='city', name='Lagos', full_name='Lagos, Nigeria', country_code='NG', country='Nigeria', bounding_box=BoundingBox(_api=<tweepy.api.API object at 0x7f96f37dbcd0>, type='Polygon', coordinates=[[[3.213147, 6.427886], [3.213147, 6.558339], [3.464064, 6.558339], [3.464064, 6.427886]]]), attributes={})",Twitter for iPhone
sprectranet,2019-09-20 12:03:36,Im not subscribing with Spectranet after this finishes. I‚Äôm tired of this torture,,"Place(_api=<tweepy.api.API object at 0x7f96f37dbcd0>, id='00817d75276a95cf', url='https://api.twitter.com/1.1/geo/id/00817d75276a95cf.json', place_type='city', name='Lagos', full_name='Lagos, Nigeria', country_code='NG', country='Nigeria', bounding_box=BoundingBox(_api=<tweepy.api.API object at 0x7f96f37dbcd0>, type='Polygon', coordinates=[[[3.213147, 6.427886], [3.213147, 6.558339], [3.464064, 6.558339], [3.464064, 6.427886]]]), attributes={})",Twitter for iPhone
sprectranet,2019-09-20 11:56:56,Is this spectranet or network is just really bad in this place because I‚Äôm tired oo,,"Place(_api=<tweepy.api.API object at 0x7f96f37dbcd0>, id='00817d75276a95cf', url='https://api.twitter.com/1.1/geo/id/00817d75276a95cf.json', place_type='city', name='Lagos', full_name='Lagos, Nigeria', country_code='NG', country='Nigeria', bounding_box=BoundingBox(_api=<tweepy.api.API object at 0x7f96f37dbcd0>, type='Polygon', coordinates=[[[3.213147, 6.427886], [3.213147, 6.558339], [3.464064, 6.558339], [3.464064, 6.427886]]]), attributes={})",Twitter for iPhone
sprectranet,2019-09-17 19:41:27,"Pearls_Collections has now expanded into the Telecom Business World. She partners with major telecommunication companies like MTN, GLO, Spectranet, etc. 
And other cable network companies like DSTV, GOTV and‚Ä¶ https://instagram.com/p/B2hkCmplwYn/?igshid=fjgjenfd1o4z","{'type': 'Point', 'coordinates': [3.39583, 6.45306]}","Place(_api=<tweepy.api.API object at 0x7f96f37dbcd0>, id='00817d75276a95cf', url='https://api.twitter.com/1.1/geo/id/00817d75276a95cf.json', place_type='city', name='Lagos', full_name='Lagos, Nigeria', country_code='NG', country='Nigeria', bounding_box=BoundingBox(_api=<tweepy.api.API object at 0x7f96f37dbcd0>, type='Polygon', coordinates=[[[3.213147, 6.427886], [3.213147, 6.558339], [3.464064, 6.558339], [3.464064, 6.427886]]]), attributes={})",Instagram
sprectranet,2019-09-16 17:16:46,"@Triller_1 And Spectranet too, they run on the same fibre optics",,"Place(_api=<tweepy.api.API object at 0x7f96f37dbcd0>, id='00817d75276a95cf', url='https://api.twitter.com/1.1/geo/id/00817d75276a95cf.json', place_type='city', name='Lagos', full_name='Lagos, Nigeria', country_code='NG', country='Nigeria', bounding_box=BoundingBox(_api=<tweepy.api.API object at 0x7f96f37dbcd0>, type='Polygon', coordinates=[[[3.213147, 6.427886], [3.213147, 6.558339], [3.464064, 6.558339], [3.464064, 6.427886]]]), attributes={})",Twitter for Android
sprectranet,2019-09-15 07:21:28,"@aboyowa_e @Spectranet_NG Lmaoo! Na so, turn up!!",,"Place(_api=<tweepy.api.API object at 0x7f96f37dbcd0>, id='00817d75276a95cf', url='https://api.twitter.com/1.1/geo/id/00817d75276a95cf.json', place_type='city', name='Lagos', full_name='Lagos, Nigeria', country_code='NG', country='Nigeria', bounding_box=BoundingBox(_api=<tweepy.api.API object at 0x7f96f37dbcd0>, type='Polygon', coordinates=[[[3.213147, 6.427886], [3.213147, 6.558339], [3.464064, 6.558339], [3.464064, 6.427886]]]), attributes={})",Twitter for Android
sprectranet,2019-09-15 06:34:06,"Ahhh, @Spectranet_NG gave me free birthday data! Turn uppp! üíÉüèæüíÉüèæ",,"Place(_api=<tweepy.api.API object at 0x7f96f37dbcd0>, id='00817d75276a95cf', url='https://api.twitter.com/1.1/geo/id/00817d75276a95cf.json', place_type='city', name='Lagos', full_name='Lagos, Nigeria', country_code='NG', country='Nigeria', bounding_box=BoundingBox(_api=<tweepy.api.API object at 0x7f96f37dbcd0>, type='Polygon', coordinates=[[[3.213147, 6.427886], [3.213147, 6.558339], [3.464064, 6.558339], [3.464064, 6.427886]]]), attributes={})",Twitter for Android
sprectranet,2019-09-14 12:38:28,Smile or spectranet??,,"Place(_api=<tweepy.api.API object at 0x7f96f37dbcd0>, id='00817d75276a95cf', url='https://api.twitter.com/1.1/geo/id/00817d75276a95cf.json', place_type='city', name='Lagos', full_name='Lagos, Nigeria', country_code='NG', country='Nigeria', bounding_box=BoundingBox(_api=<tweepy.api.API object at 0x7f96f37dbcd0>, type='Polygon', coordinates=[[[3.213147, 6.427886], [3.213147, 6.558339], [3.464064, 6.558339], [3.464064, 6.427886]]]), attributes={})",Twitter for iPhone
sprectranet,2019-09-14 10:23:38,"Fbn
Etisalat 
Dstv 
Spectranet 
That lawyer. 

These are the people firstatunf me this Saturday morning.",,"Place(_api=<tweepy.api.API object at 0x7f96f37dbcd0>, id='011a942e0a0e8fb2', url='https://api.twitter.com/1.1/geo/id/011a942e0a0e8fb2.json', place_type='admin', name='Lagos', full_name='Lagos, Nigeria', country_code='NG', country='Nigeria', bounding_box=BoundingBox(_api=<tweepy.api.API object at 0x7f96f37dbcd0>, type='Polygon', coordinates=[[[2.706304, 6.370388], [2.706304, 6.698546], [4.350022, 6.698546], [4.350022, 6.370388]]]), attributes={})",Twitter for iPhone
sprectranet,2019-09-13 18:29:20,If you use spectranet just like this tweet I want to see something.,,"Place(_api=<tweepy.api.API object at 0x7f96f37dbcd0>, id='00817d75276a95cf', url='https://api.twitter.com/1.1/geo/id/00817d75276a95cf.json', place_type='city', name='Lagos', full_name='Lagos, Nigeria', country_code='NG', country='Nigeria', bounding_box=BoundingBox(_api=<tweepy.api.API object at 0x7f96f37dbcd0>, type='Polygon', coordinates=[[[3.213147, 6.427886], [3.213147, 6.558339], [3.464064, 6.558339], [3.464064, 6.427886]]]), attributes={})",Twitter for Android
sprectranet,2019-09-13 13:23:31,@Spectranet_NG I want to make enquires on Evo 4GLTE MiFi with the 100GB promo offer,,"Place(_api=<tweepy.api.API object at 0x7f96f37dbcd0>, id='00817d75276a95cf', url='https://api.twitter.com/1.1/geo/id/00817d75276a95cf.json', place_type='city', name='Lagos', full_name='Lagos, Nigeria', country_code='NG', country='Nigeria', bounding_box=BoundingBox(_api=<tweepy.api.API object at 0x7f96f37dbcd0>, type='Polygon', coordinates=[[[3.213147, 6.427886], [3.213147, 6.558339], [3.464064, 6.558339], [3.464064, 6.427886]]]), attributes={})",Twitter for Android
sprectranet,2019-09-12 20:11:14,Shame on you @Spectranet,,"Place(_api=<tweepy.api.API object at 0x7f96f37dbcd0>, id='00817d75276a95cf', url='https://api.twitter.com/1.1/geo/id/00817d75276a95cf.json', place_type='city', name='Lagos', full_name='Lagos, Nigeria', country_code='NG', country='Nigeria', bounding_box=BoundingBox(_api=<tweepy.api.API object at 0x7f96f37dbcd0>, type='Polygon', coordinates=[[[3.213147, 6.427886], [3.213147, 6.558339], [3.464064, 6.558339], [3.464064, 6.427886]]]), attributes={})",Twitter for iPhone