ISP_Name,Time,Text,Coordinates,Place,Source
tizeti,2019-10-19 14:17:23+00:00,@tizeti i have been calling for 1hr and no response please ensure my internet is working as it has not been working for 2 days,,"Place(_api=<tweepy.api.API object at 0x7fe2d867aac0>, id='011a942e0a0e8fb2', url='https://api.twitter.com/1.1/geo/id/011a942e0a0e8fb2.json', place_type='admin', name='Lagos', full_name='Lagos, Nigeria', country_code='NG', country='Nigeria', bounding_box=BoundingBox(_api=<tweepy.api.API object at 0x7fe2d867aac0>, type='Polygon', coordinates=[[[2.706304, 6.370388], [2.706304, 6.698546], [4.350022, 6.698546], [4.350022, 6.370388]]]), attributes={})",Twitter for Android
tizeti,2019-10-17 22:07:31+00:00,"Tizeti has been awful.

I need to tell Bro Shaggy something",,"Place(_api=<tweepy.api.API object at 0x7fe2d867aac0>, id='00817d75276a95cf', url='https://api.twitter.com/1.1/geo/id/00817d75276a95cf.json', place_type='city', name='Lagos', full_name='Lagos, Nigeria', country_code='NG', country='Nigeria', bounding_box=BoundingBox(_api=<tweepy.api.API object at 0x7fe2d867aac0>, type='Polygon', coordinates=[[[3.213147, 6.427886], [3.213147, 6.558339], [3.464064, 6.558339], [3.464064, 6.427886]]]), attributes={})",Twitter for Android
tizeti,2019-10-17 14:57:34+00:00,üò≠üò≠üò≠üò≠ https://t.co/yWFDOqS8rJ https://t.co/Uj4DKzQbrG,,"Place(_api=<tweepy.api.API object at 0x7fe2d867aac0>, id='00817d75276a95cf', url='https://api.twitter.com/1.1/geo/id/00817d75276a95cf.json', place_type='city', name='Lagos', full_name='Lagos, Nigeria', country_code='NG', country='Nigeria', bounding_box=BoundingBox(_api=<tweepy.api.API object at 0x7fe2d867aac0>, type='Polygon', coordinates=[[[3.213147, 6.427886], [3.213147, 6.558339], [3.464064, 6.558339], [3.464064, 6.427886]]]), attributes={})",Twitter for iPhone
tizeti,2019-10-17 09:49:57+00:00,"of call.
Now my question is if I have to wait till 30th of Oct b4 rectifying this issue,  what will happen to our business? Will @tizeti compensate us for the loses incured? #bewareoftizetinetwork",,"Place(_api=<tweepy.api.API object at 0x7fe2d867aac0>, id='00817d75276a95cf', url='https://api.twitter.com/1.1/geo/id/00817d75276a95cf.json', place_type='city', name='Lagos', full_name='Lagos, Nigeria', country_code='NG', country='Nigeria', bounding_box=BoundingBox(_api=<tweepy.api.API object at 0x7fe2d867aac0>, type='Polygon', coordinates=[[[3.213147, 6.427886], [3.213147, 6.558339], [3.464064, 6.558339], [3.464064, 6.427886]]]), attributes={})",Twitter for Android
tizeti,2019-10-17 09:48:18+00:00,"@tizeti @tIZETI_ what a terrible internet service provider do you offer? The worst part is you have the most terrible customer service. Imagine my office that is heavily relying on internet to carry its daily operations &amp; @tizeti has been down  since 15th of Oct.
Thread",,"Place(_api=<tweepy.api.API object at 0x7fe2d867aac0>, id='00817d75276a95cf', url='https://api.twitter.com/1.1/geo/id/00817d75276a95cf.json', place_type='city', name='Lagos', full_name='Lagos, Nigeria', country_code='NG', country='Nigeria', bounding_box=BoundingBox(_api=<tweepy.api.API object at 0x7fe2d867aac0>, type='Polygon', coordinates=[[[3.213147, 6.427886], [3.213147, 6.558339], [3.464064, 6.558339], [3.464064, 6.427886]]]), attributes={})",Twitter for Android
tizeti,2019-10-17 00:28:40+00:00,@tizeti Scam! Almost every day I have to complain one issue or the other. Now it's an issue of set up been completed on 22nd and you are disconnecting me by 17th. I hate cheating that's even after sending you a mail? https://t.co/WoygiEyktr,,"Place(_api=<tweepy.api.API object at 0x7fe2d867aac0>, id='00817d75276a95cf', url='https://api.twitter.com/1.1/geo/id/00817d75276a95cf.json', place_type='city', name='Lagos', full_name='Lagos, Nigeria', country_code='NG', country='Nigeria', bounding_box=BoundingBox(_api=<tweepy.api.API object at 0x7fe2d867aac0>, type='Polygon', coordinates=[[[3.213147, 6.427886], [3.213147, 6.558339], [3.464064, 6.558339], [3.464064, 6.427886]]]), attributes={})",Twitter for Android
tizeti,2019-10-15 15:28:12+00:00,"Tizeti, mo ma gbe yin shepe very soon.",,"Place(_api=<tweepy.api.API object at 0x7fe2d867aac0>, id='00817d75276a95cf', url='https://api.twitter.com/1.1/geo/id/00817d75276a95cf.json', place_type='city', name='Lagos', full_name='Lagos, Nigeria', country_code='NG', country='Nigeria', bounding_box=BoundingBox(_api=<tweepy.api.API object at 0x7fe2d867aac0>, type='Polygon', coordinates=[[[3.213147, 6.427886], [3.213147, 6.558339], [3.464064, 6.558339], [3.464064, 6.427886]]]), attributes={})",Twitter for Android
tizeti,2019-10-15 12:37:49+00:00,"@Omonioboli @tizeti Discontinued with them some months ago, the back and forth was becoming too stressful.",,"Place(_api=<tweepy.api.API object at 0x7fe2d867aac0>, id='011a942e0a0e8fb2', url='https://api.twitter.com/1.1/geo/id/011a942e0a0e8fb2.json', place_type='admin', name='Lagos', full_name='Lagos, Nigeria', country_code='NG', country='Nigeria', bounding_box=BoundingBox(_api=<tweepy.api.API object at 0x7fe2d867aac0>, type='Polygon', coordinates=[[[2.706304, 6.370388], [2.706304, 6.698546], [4.350022, 6.698546], [4.350022, 6.370388]]]), attributes={})",Twitter for iPhone
tizeti,2019-10-14 21:23:18+00:00,@jamesagada @tizeti @iaboyeji note that speed matters as much as data,,"Place(_api=<tweepy.api.API object at 0x7fe2d867aac0>, id='00817d75276a95cf', url='https://api.twitter.com/1.1/geo/id/00817d75276a95cf.json', place_type='city', name='Lagos', full_name='Lagos, Nigeria', country_code='NG', country='Nigeria', bounding_box=BoundingBox(_api=<tweepy.api.API object at 0x7fe2d867aac0>, type='Polygon', coordinates=[[[3.213147, 6.427886], [3.213147, 6.558339], [3.464064, 6.558339], [3.464064, 6.427886]]]), attributes={})",Twitter for iPhone
tizeti,2019-10-14 18:48:23+00:00,Is there a place where Tizeti works perfect? Where constant speed is up to 5mbps ‚¨ÜÔ∏è‚¨áÔ∏è,,"Place(_api=<tweepy.api.API object at 0x7fe2d867aac0>, id='00817d75276a95cf', url='https://api.twitter.com/1.1/geo/id/00817d75276a95cf.json', place_type='city', name='Lagos', full_name='Lagos, Nigeria', country_code='NG', country='Nigeria', bounding_box=BoundingBox(_api=<tweepy.api.API object at 0x7fe2d867aac0>, type='Polygon', coordinates=[[[3.213147, 6.427886], [3.213147, 6.558339], [3.464064, 6.558339], [3.464064, 6.427886]]]), attributes={})",Twitter for iPhone
tizeti,2019-10-10 17:12:37+00:00,"@KhidKhordi That website be acting like an amber alert though. Like a sign of things to come.
At least tizeti get fine UI",,"Place(_api=<tweepy.api.API object at 0x7fe2d867aac0>, id='00817d75276a95cf', url='https://api.twitter.com/1.1/geo/id/00817d75276a95cf.json', place_type='city', name='Lagos', full_name='Lagos, Nigeria', country_code='NG', country='Nigeria', bounding_box=BoundingBox(_api=<tweepy.api.API object at 0x7fe2d867aac0>, type='Polygon', coordinates=[[[3.213147, 6.427886], [3.213147, 6.558339], [3.464064, 6.558339], [3.464064, 6.427886]]]), attributes={})",Twitter for Android
tizeti,2019-10-08 08:46:24+00:00,@EvaAlordiah @tizeti Pele my dear.,,"Place(_api=<tweepy.api.API object at 0x7fe2d867aac0>, id='00817d75276a95cf', url='https://api.twitter.com/1.1/geo/id/00817d75276a95cf.json', place_type='city', name='Lagos', full_name='Lagos, Nigeria', country_code='NG', country='Nigeria', bounding_box=BoundingBox(_api=<tweepy.api.API object at 0x7fe2d867aac0>, type='Polygon', coordinates=[[[3.213147, 6.427886], [3.213147, 6.558339], [3.464064, 6.558339], [3.464064, 6.427886]]]), attributes={})",Twitter for Android
tizeti,2019-10-07 15:39:13+00:00,@tizeti I really can‚Äôt believe this is happening! It‚Äôs bad and sad for your business. Please look at it urgently . It‚Äôs been happening for days now and I felt it‚Äôs unlike your services,,"Place(_api=<tweepy.api.API object at 0x7fe2d867aac0>, id='011a942e0a0e8fb2', url='https://api.twitter.com/1.1/geo/id/011a942e0a0e8fb2.json', place_type='admin', name='Lagos', full_name='Lagos, Nigeria', country_code='NG', country='Nigeria', bounding_box=BoundingBox(_api=<tweepy.api.API object at 0x7fe2d867aac0>, type='Polygon', coordinates=[[[2.706304, 6.370388], [2.706304, 6.698546], [4.350022, 6.698546], [4.350022, 6.370388]]]), attributes={})",Twitter for iPhone
tizeti,2019-10-07 15:36:29+00:00,@tizeti Good evening! What is happening to your network on Monastery road behind Novare Mall! It‚Äôs becoming horrible by the day!,,"Place(_api=<tweepy.api.API object at 0x7fe2d867aac0>, id='011a942e0a0e8fb2', url='https://api.twitter.com/1.1/geo/id/011a942e0a0e8fb2.json', place_type='admin', name='Lagos', full_name='Lagos, Nigeria', country_code='NG', country='Nigeria', bounding_box=BoundingBox(_api=<tweepy.api.API object at 0x7fe2d867aac0>, type='Polygon', coordinates=[[[2.706304, 6.370388], [2.706304, 6.698546], [4.350022, 6.698546], [4.350022, 6.370388]]]), attributes={})",Twitter for iPhone
tizeti,2019-10-06 22:39:27+00:00,"@iamchrisani @moldina @boycottfrauds @tizeti @wifisupport1 A month and half now. I started using them August, had to chase them before it started working. During my first month, I had intermittent disruptions and slow connection",,"Place(_api=<tweepy.api.API object at 0x7fe2d867aac0>, id='00817d75276a95cf', url='https://api.twitter.com/1.1/geo/id/00817d75276a95cf.json', place_type='city', name='Lagos', full_name='Lagos, Nigeria', country_code='NG', country='Nigeria', bounding_box=BoundingBox(_api=<tweepy.api.API object at 0x7fe2d867aac0>, type='Polygon', coordinates=[[[3.213147, 6.427886], [3.213147, 6.558339], [3.464064, 6.558339], [3.464064, 6.427886]]]), attributes={})",Twitter for iPhone
tizeti,2019-10-06 20:53:56+00:00,@iamchrisani @wifisupport1 @boycottfrauds @tizeti I hate their generic response üò°üò°üò°,,"Place(_api=<tweepy.api.API object at 0x7fe2d867aac0>, id='00817d75276a95cf', url='https://api.twitter.com/1.1/geo/id/00817d75276a95cf.json', place_type='city', name='Lagos', full_name='Lagos, Nigeria', country_code='NG', country='Nigeria', bounding_box=BoundingBox(_api=<tweepy.api.API object at 0x7fe2d867aac0>, type='Polygon', coordinates=[[[3.213147, 6.427886], [3.213147, 6.558339], [3.464064, 6.558339], [3.464064, 6.427886]]]), attributes={})",Twitter for iPhone
tizeti,2019-10-06 20:52:41+00:00,@iamchrisani @moldina @boycottfrauds @tizeti @wifisupport1 I‚Äôm with you. My internet hasn‚Äôt worked for 9 days now. And they are not even responding to my email. Class action?,,"Place(_api=<tweepy.api.API object at 0x7fe2d867aac0>, id='00817d75276a95cf', url='https://api.twitter.com/1.1/geo/id/00817d75276a95cf.json', place_type='city', name='Lagos', full_name='Lagos, Nigeria', country_code='NG', country='Nigeria', bounding_box=BoundingBox(_api=<tweepy.api.API object at 0x7fe2d867aac0>, type='Polygon', coordinates=[[[3.213147, 6.427886], [3.213147, 6.558339], [3.464064, 6.558339], [3.464064, 6.427886]]]), attributes={})",Twitter for iPhone
tizeti,2019-10-06 18:32:31+00:00,"@tizeti @wifisupport1 this is the 9th day my internet hasn‚Äôt worked. I hope you guys are happy. When I have time, I‚Äôll get my money back from you guys. This is pure cheating.",,"Place(_api=<tweepy.api.API object at 0x7fe2d867aac0>, id='00817d75276a95cf', url='https://api.twitter.com/1.1/geo/id/00817d75276a95cf.json', place_type='city', name='Lagos', full_name='Lagos, Nigeria', country_code='NG', country='Nigeria', bounding_box=BoundingBox(_api=<tweepy.api.API object at 0x7fe2d867aac0>, type='Polygon', coordinates=[[[3.213147, 6.427886], [3.213147, 6.558339], [3.464064, 6.558339], [3.464064, 6.427886]]]), attributes={})",Twitter for iPhone
tizeti,2019-10-05 07:57:15+00:00,@tizeti @wifisupport1 this is the 8th day I‚Äôve been without internet. I‚Äôll get someone to bring down the radio and proceed to your office. I‚Äôm getting a refund before I leave your office. One way or the other ‚úåüèΩ,,"Place(_api=<tweepy.api.API object at 0x7fe2d867aac0>, id='00817d75276a95cf', url='https://api.twitter.com/1.1/geo/id/00817d75276a95cf.json', place_type='city', name='Lagos', full_name='Lagos, Nigeria', country_code='NG', country='Nigeria', bounding_box=BoundingBox(_api=<tweepy.api.API object at 0x7fe2d867aac0>, type='Polygon', coordinates=[[[3.213147, 6.427886], [3.213147, 6.558339], [3.464064, 6.558339], [3.464064, 6.427886]]]), attributes={})",Twitter for iPhone
tizeti,2019-10-03 19:11:30+00:00,@wifisupport1 @__Tennie__ @tizeti Stop apologizing and fix the internet or refund people‚Äôs money.,,"Place(_api=<tweepy.api.API object at 0x7fe2d867aac0>, id='00817d75276a95cf', url='https://api.twitter.com/1.1/geo/id/00817d75276a95cf.json', place_type='city', name='Lagos', full_name='Lagos, Nigeria', country_code='NG', country='Nigeria', bounding_box=BoundingBox(_api=<tweepy.api.API object at 0x7fe2d867aac0>, type='Polygon', coordinates=[[[3.213147, 6.427886], [3.213147, 6.558339], [3.464064, 6.558339], [3.464064, 6.427886]]]), attributes={})",Twitter for iPhone
tizeti,2019-10-02 18:14:44+00:00,@ifedigbo @tizeti @NgComCommission They wouldn‚Äôt come. They have crazy individuals working for them. They would call you to say they are coming and change course without recourse to you. Bunch of time wasters,,"Place(_api=<tweepy.api.API object at 0x7fe2d867aac0>, id='00817d75276a95cf', url='https://api.twitter.com/1.1/geo/id/00817d75276a95cf.json', place_type='city', name='Lagos', full_name='Lagos, Nigeria', country_code='NG', country='Nigeria', bounding_box=BoundingBox(_api=<tweepy.api.API object at 0x7fe2d867aac0>, type='Polygon', coordinates=[[[3.213147, 6.427886], [3.213147, 6.558339], [3.464064, 6.558339], [3.464064, 6.427886]]]), attributes={})",Twitter for iPhone
tizeti,2019-10-02 18:12:15+00:00,"@NgComCommission Please do something about @tizeti  they are bunch of confused people. For 5 days now, my internet has not been working. I need them to come pack their gadgets and give me my money back. I‚Äôve only used it for a month anyway",,"Place(_api=<tweepy.api.API object at 0x7fe2d867aac0>, id='00817d75276a95cf', url='https://api.twitter.com/1.1/geo/id/00817d75276a95cf.json', place_type='city', name='Lagos', full_name='Lagos, Nigeria', country_code='NG', country='Nigeria', bounding_box=BoundingBox(_api=<tweepy.api.API object at 0x7fe2d867aac0>, type='Polygon', coordinates=[[[3.213147, 6.427886], [3.213147, 6.558339], [3.464064, 6.558339], [3.464064, 6.427886]]]), attributes={})",Twitter for iPhone
tizeti,2019-10-02 18:10:18+00:00,"@Yhe_mmie Don‚Äôt try it , I repeat don‚Äôt try @tizeti is the most unreliable network. For 5 days now, I‚Äôve not been able to use the internet and they aren‚Äôt doing a thing about it.  Customer service, zero.",,"Place(_api=<tweepy.api.API object at 0x7fe2d867aac0>, id='00817d75276a95cf', url='https://api.twitter.com/1.1/geo/id/00817d75276a95cf.json', place_type='city', name='Lagos', full_name='Lagos, Nigeria', country_code='NG', country='Nigeria', bounding_box=BoundingBox(_api=<tweepy.api.API object at 0x7fe2d867aac0>, type='Polygon', coordinates=[[[3.213147, 6.427886], [3.213147, 6.558339], [3.464064, 6.558339], [3.464064, 6.427886]]]), attributes={})",Twitter for iPhone
tizeti,2019-10-02 18:04:35+00:00,"@wifisupport1 @tizeti What nonsense update ? I just got home now and I can‚Äôt use the internet still. I think it‚Äôs about time I make you guys popular and show the  public your level of incompetence. For good 5 days now, you couldn‚Äôt fix my internet üò°üò°üò°üò°",,"Place(_api=<tweepy.api.API object at 0x7fe2d867aac0>, id='00817d75276a95cf', url='https://api.twitter.com/1.1/geo/id/00817d75276a95cf.json', place_type='city', name='Lagos', full_name='Lagos, Nigeria', country_code='NG', country='Nigeria', bounding_box=BoundingBox(_api=<tweepy.api.API object at 0x7fe2d867aac0>, type='Polygon', coordinates=[[[3.213147, 6.427886], [3.213147, 6.558339], [3.464064, 6.558339], [3.464064, 6.427886]]]), attributes={})",Twitter for iPhone
tizeti,2019-10-01 21:51:58+00:00,@wifisupport1 @tizeti Your escalation has not fixed my internet. My patient is wearing thin.  üòíüò°üò°üò°,,"Place(_api=<tweepy.api.API object at 0x7fe2d867aac0>, id='00817d75276a95cf', url='https://api.twitter.com/1.1/geo/id/00817d75276a95cf.json', place_type='city', name='Lagos', full_name='Lagos, Nigeria', country_code='NG', country='Nigeria', bounding_box=BoundingBox(_api=<tweepy.api.API object at 0x7fe2d867aac0>, type='Polygon', coordinates=[[[3.213147, 6.427886], [3.213147, 6.558339], [3.464064, 6.558339], [3.464064, 6.427886]]]), attributes={})",Twitter for iPhone
tizeti,2019-10-01 13:39:44+00:00,@tizeti my internet is still not working.  You are costing my money. I‚Äôve had to subscribe on my other internet since Saturday and I know how much I have spent. ü§¶‚Äç‚ôÇÔ∏èü§¶‚Äç‚ôÇÔ∏èü§¶‚Äç‚ôÇÔ∏èü§¶‚Äç‚ôÇÔ∏è,,"Place(_api=<tweepy.api.API object at 0x7fe2d867aac0>, id='00817d75276a95cf', url='https://api.twitter.com/1.1/geo/id/00817d75276a95cf.json', place_type='city', name='Lagos', full_name='Lagos, Nigeria', country_code='NG', country='Nigeria', bounding_box=BoundingBox(_api=<tweepy.api.API object at 0x7fe2d867aac0>, type='Polygon', coordinates=[[[3.213147, 6.427886], [3.213147, 6.558339], [3.464064, 6.558339], [3.464064, 6.427886]]]), attributes={})",Twitter for iPhone
tizeti,2019-10-01 07:47:45+00:00,"@tizeti My internet has been down for 4 days now. Stop tweeting and fix my internet. Better still, return my money and come pick up your gadgets ü§¶‚Äç‚ôÇÔ∏èü§¶‚Äç‚ôÇÔ∏èü§¶‚Äç‚ôÇÔ∏è",,"Place(_api=<tweepy.api.API object at 0x7fe2d867aac0>, id='00817d75276a95cf', url='https://api.twitter.com/1.1/geo/id/00817d75276a95cf.json', place_type='city', name='Lagos', full_name='Lagos, Nigeria', country_code='NG', country='Nigeria', bounding_box=BoundingBox(_api=<tweepy.api.API object at 0x7fe2d867aac0>, type='Polygon', coordinates=[[[3.213147, 6.427886], [3.213147, 6.558339], [3.464064, 6.558339], [3.464064, 6.427886]]]), attributes={})",Twitter for iPhone
tizeti,2019-10-01 07:45:04+00:00,So my @tizeti has been down for 4 freaking days now and all I get is they are working to fix it. @tizeti fix my internet now or give me back my setup fee and the subscription I paid.,,"Place(_api=<tweepy.api.API object at 0x7fe2d867aac0>, id='00817d75276a95cf', url='https://api.twitter.com/1.1/geo/id/00817d75276a95cf.json', place_type='city', name='Lagos', full_name='Lagos, Nigeria', country_code='NG', country='Nigeria', bounding_box=BoundingBox(_api=<tweepy.api.API object at 0x7fe2d867aac0>, type='Polygon', coordinates=[[[3.213147, 6.427886], [3.213147, 6.558339], [3.464064, 6.558339], [3.464064, 6.427886]]]), attributes={})",Twitter for iPhone
tizeti,2019-11-04 20:31:57+00:00,You cannot browse after payment. That is extortion to me. And when someone tries to chat with your web customer service I got no response. To call your customer service is just music to the ears. Tizeti ole.,,"Place(_api=<tweepy.api.API object at 0x7fe2d867aac0>, id='00817d75276a95cf', url='https://api.twitter.com/1.1/geo/id/00817d75276a95cf.json', place_type='city', name='Lagos', full_name='Lagos, Nigeria', country_code='NG', country='Nigeria', bounding_box=BoundingBox(_api=<tweepy.api.API object at 0x7fe2d867aac0>, type='Polygon', coordinates=[[[3.213147, 6.427886], [3.213147, 6.558339], [3.464064, 6.558339], [3.464064, 6.427886]]]), attributes={})",Twitter for iPhone
tizeti,2019-11-04 20:24:30+00:00,@tizeti I have issues with you people. You are quick to take peoples money and you render no services. Many times I have subscribed to your network and u just chop my money. Tizeti ole.,,"Place(_api=<tweepy.api.API object at 0x7fe2d867aac0>, id='00817d75276a95cf', url='https://api.twitter.com/1.1/geo/id/00817d75276a95cf.json', place_type='city', name='Lagos', full_name='Lagos, Nigeria', country_code='NG', country='Nigeria', bounding_box=BoundingBox(_api=<tweepy.api.API object at 0x7fe2d867aac0>, type='Polygon', coordinates=[[[3.213147, 6.427886], [3.213147, 6.558339], [3.464064, 6.558339], [3.464064, 6.427886]]]), attributes={})",Twitter for iPhone
tizeti,2019-11-02 16:18:46+00:00,@wifisupport1 @tizeti I will DM you when I am less angry. ‚úåÔ∏è,,"Place(_api=<tweepy.api.API object at 0x7fe2d867aac0>, id='00817d75276a95cf', url='https://api.twitter.com/1.1/geo/id/00817d75276a95cf.json', place_type='city', name='Lagos', full_name='Lagos, Nigeria', country_code='NG', country='Nigeria', bounding_box=BoundingBox(_api=<tweepy.api.API object at 0x7fe2d867aac0>, type='Polygon', coordinates=[[[3.213147, 6.427886], [3.213147, 6.558339], [3.464064, 6.558339], [3.464064, 6.427886]]]), attributes={})",Twitter for Android
tizeti,2019-11-02 16:08:51+00:00,@tizeti wetin dey happen nah? ü§¶ü§¶ü§¶,,"Place(_api=<tweepy.api.API object at 0x7fe2d867aac0>, id='00817d75276a95cf', url='https://api.twitter.com/1.1/geo/id/00817d75276a95cf.json', place_type='city', name='Lagos', full_name='Lagos, Nigeria', country_code='NG', country='Nigeria', bounding_box=BoundingBox(_api=<tweepy.api.API object at 0x7fe2d867aac0>, type='Polygon', coordinates=[[[3.213147, 6.427886], [3.213147, 6.558339], [3.464064, 6.558339], [3.464064, 6.427886]]]), attributes={})",Twitter for Android
tizeti,2019-10-31 22:35:54+00:00,Please who wants to buy Tizeti's router and POE or whatever they call it. Dismantling the rubbish.,,"Place(_api=<tweepy.api.API object at 0x7fe2d867aac0>, id='011a942e0a0e8fb2', url='https://api.twitter.com/1.1/geo/id/011a942e0a0e8fb2.json', place_type='admin', name='Lagos', full_name='Lagos, Nigeria', country_code='NG', country='Nigeria', bounding_box=BoundingBox(_api=<tweepy.api.API object at 0x7fe2d867aac0>, type='Polygon', coordinates=[[[2.706304, 6.370388], [2.706304, 6.698546], [4.350022, 6.698546], [4.350022, 6.370388]]]), attributes={})",Twitter for Android
tizeti,2019-10-31 10:01:59+00:00,@tizeti @netflix On your slow internet the only thing thing you would be able to see is thr trailer.,,"Place(_api=<tweepy.api.API object at 0x7fe2d867aac0>, id='00817d75276a95cf', url='https://api.twitter.com/1.1/geo/id/00817d75276a95cf.json', place_type='city', name='Lagos', full_name='Lagos, Nigeria', country_code='NG', country='Nigeria', bounding_box=BoundingBox(_api=<tweepy.api.API object at 0x7fe2d867aac0>, type='Polygon', coordinates=[[[3.213147, 6.427886], [3.213147, 6.558339], [3.464064, 6.558339], [3.464064, 6.427886]]]), attributes={})",Twitter for Android
tizeti,2019-10-31 10:01:15+00:00,@Aweola7 @tizeti Taking their unreliable service to Ghana,,"Place(_api=<tweepy.api.API object at 0x7fe2d867aac0>, id='00817d75276a95cf', url='https://api.twitter.com/1.1/geo/id/00817d75276a95cf.json', place_type='city', name='Lagos', full_name='Lagos, Nigeria', country_code='NG', country='Nigeria', bounding_box=BoundingBox(_api=<tweepy.api.API object at 0x7fe2d867aac0>, type='Polygon', coordinates=[[[3.213147, 6.427886], [3.213147, 6.558339], [3.464064, 6.558339], [3.464064, 6.427886]]]), attributes={})",Twitter for Android
tizeti,2019-10-31 08:34:10+00:00,@wifisupport1 @tizeti Our internet is still not working since yesterday... I have been trying to send mails but it bounces back https://t.co/NbCKnN2xCq,,"Place(_api=<tweepy.api.API object at 0x7fe2d867aac0>, id='00817d75276a95cf', url='https://api.twitter.com/1.1/geo/id/00817d75276a95cf.json', place_type='city', name='Lagos', full_name='Lagos, Nigeria', country_code='NG', country='Nigeria', bounding_box=BoundingBox(_api=<tweepy.api.API object at 0x7fe2d867aac0>, type='Polygon', coordinates=[[[3.213147, 6.427886], [3.213147, 6.558339], [3.464064, 6.558339], [3.464064, 6.427886]]]), attributes={})",Twitter for Android
tizeti,2019-10-30 20:43:04+00:00,@funmiistic @tizeti Internet service provider.,,"Place(_api=<tweepy.api.API object at 0x7fe2d867aac0>, id='011a942e0a0e8fb2', url='https://api.twitter.com/1.1/geo/id/011a942e0a0e8fb2.json', place_type='admin', name='Lagos', full_name='Lagos, Nigeria', country_code='NG', country='Nigeria', bounding_box=BoundingBox(_api=<tweepy.api.API object at 0x7fe2d867aac0>, type='Polygon', coordinates=[[[2.706304, 6.370388], [2.706304, 6.698546], [4.350022, 6.698546], [4.350022, 6.370388]]]), attributes={})",Twitter for Android
tizeti,2019-10-30 20:32:15+00:00,@VANLADI @tizeti It is more than poor and I am tired of complaining.,,"Place(_api=<tweepy.api.API object at 0x7fe2d867aac0>, id='011a942e0a0e8fb2', url='https://api.twitter.com/1.1/geo/id/011a942e0a0e8fb2.json', place_type='admin', name='Lagos', full_name='Lagos, Nigeria', country_code='NG', country='Nigeria', bounding_box=BoundingBox(_api=<tweepy.api.API object at 0x7fe2d867aac0>, type='Polygon', coordinates=[[[2.706304, 6.370388], [2.706304, 6.698546], [4.350022, 6.698546], [4.350022, 6.370388]]]), attributes={})",Twitter for Android
tizeti,2019-10-30 20:29:32+00:00,Someone should remind me not to renew my @tizeti subscription. This abuse is too much.,,"Place(_api=<tweepy.api.API object at 0x7fe2d867aac0>, id='011a942e0a0e8fb2', url='https://api.twitter.com/1.1/geo/id/011a942e0a0e8fb2.json', place_type='admin', name='Lagos', full_name='Lagos, Nigeria', country_code='NG', country='Nigeria', bounding_box=BoundingBox(_api=<tweepy.api.API object at 0x7fe2d867aac0>, type='Polygon', coordinates=[[[2.706304, 6.370388], [2.706304, 6.698546], [4.350022, 6.698546], [4.350022, 6.370388]]]), attributes={})",Twitter for Android
tizeti,2019-10-22 18:25:11+00:00,@wifisupport1 @tizeti What exactly do you want me to respond to in this case? https://t.co/ES2d32kDms,,"Place(_api=<tweepy.api.API object at 0x7fe2d867aac0>, id='00817d75276a95cf', url='https://api.twitter.com/1.1/geo/id/00817d75276a95cf.json', place_type='city', name='Lagos', full_name='Lagos, Nigeria', country_code='NG', country='Nigeria', bounding_box=BoundingBox(_api=<tweepy.api.API object at 0x7fe2d867aac0>, type='Polygon', coordinates=[[[3.213147, 6.427886], [3.213147, 6.558339], [3.464064, 6.558339], [3.464064, 6.427886]]]), attributes={})",Twitter for Android
tizeti,2019-10-22 18:24:31+00:00,@wifisupport1 @tizeti Is this a response mail that same has been noted? https://t.co/f7LHdZVhDK,,"Place(_api=<tweepy.api.API object at 0x7fe2d867aac0>, id='00817d75276a95cf', url='https://api.twitter.com/1.1/geo/id/00817d75276a95cf.json', place_type='city', name='Lagos', full_name='Lagos, Nigeria', country_code='NG', country='Nigeria', bounding_box=BoundingBox(_api=<tweepy.api.API object at 0x7fe2d867aac0>, type='Polygon', coordinates=[[[3.213147, 6.427886], [3.213147, 6.558339], [3.464064, 6.558339], [3.464064, 6.427886]]]), attributes={})",Twitter for Android
tizeti,2019-11-24 18:50:01+00:00,Before tizeti will scam serah now,,"Place(_api=<tweepy.api.API object at 0x7fe2d867aac0>, id='00817d75276a95cf', url='https://api.twitter.com/1.1/geo/id/00817d75276a95cf.json', place_type='city', name='Lagos', full_name='Lagos, Nigeria', country_code='NG', country='Nigeria', bounding_box=BoundingBox(_api=<tweepy.api.API object at 0x7fe2d867aac0>, type='Polygon', coordinates=[[[3.213147, 6.427886], [3.213147, 6.558339], [3.464064, 6.558339], [3.464064, 6.427886]]]), attributes={})",Twitter for Android
tizeti,2019-11-21 08:33:47+00:00,"@tizeti, Please, what's happening nah?",,"Place(_api=<tweepy.api.API object at 0x7fe2d867aac0>, id='00817d75276a95cf', url='https://api.twitter.com/1.1/geo/id/00817d75276a95cf.json', place_type='city', name='Lagos', full_name='Lagos, Nigeria', country_code='NG', country='Nigeria', bounding_box=BoundingBox(_api=<tweepy.api.API object at 0x7fe2d867aac0>, type='Polygon', coordinates=[[[3.213147, 6.427886], [3.213147, 6.558339], [3.464064, 6.558339], [3.464064, 6.427886]]]), attributes={})",Twitter for Android
tizeti,2019-11-13 10:48:45+00:00,@sunday104 @tizeti @wifisupport1 @NgComCommission @CACCOT1 @BabajideOtitoju @segalink The other guy is collating history of failure. I just decided not to engage gim again when they are done. I am expecting call for next service subscription. Failure and sorry people.,,"Place(_api=<tweepy.api.API object at 0x7fe2d867aac0>, id='00817d75276a95cf', url='https://api.twitter.com/1.1/geo/id/00817d75276a95cf.json', place_type='city', name='Lagos', full_name='Lagos, Nigeria', country_code='NG', country='Nigeria', bounding_box=BoundingBox(_api=<tweepy.api.API object at 0x7fe2d867aac0>, type='Polygon', coordinates=[[[3.213147, 6.427886], [3.213147, 6.558339], [3.464064, 6.558339], [3.464064, 6.427886]]]), attributes={})",Twitter for Android
tizeti,2019-11-12 20:11:27+00:00,I gave a bad review to a neighbour about Tizeti. In the past few days the connection has been stable. I called him and gave the update to him just because i know how difficult it is to acquire customers and I would never bad mouth a service unless it is truly truly shitty.,,"Place(_api=<tweepy.api.API object at 0x7fe2d867aac0>, id='011a942e0a0e8fb2', url='https://api.twitter.com/1.1/geo/id/011a942e0a0e8fb2.json', place_type='admin', name='Lagos', full_name='Lagos, Nigeria', country_code='NG', country='Nigeria', bounding_box=BoundingBox(_api=<tweepy.api.API object at 0x7fe2d867aac0>, type='Polygon', coordinates=[[[2.706304, 6.370388], [2.706304, 6.698546], [4.350022, 6.698546], [4.350022, 6.370388]]]), attributes={})",Twitter for Android
tizeti,2019-11-12 18:11:06+00:00,@tizeti 997122 is the ticket number. Internet has been down since yesterday and you guys kept lying that the issue is fixed. I‚Äôm frustrated and tired of your style. I have to battle with epileptic service every other day. If you guys are not ready. Just pack it up and go ü§¶‚Äç‚ôÇÔ∏èü§¶‚Äç‚ôÇÔ∏èü§¶‚Äç‚ôÇÔ∏è,,"Place(_api=<tweepy.api.API object at 0x7fe2d867aac0>, id='00817d75276a95cf', url='https://api.twitter.com/1.1/geo/id/00817d75276a95cf.json', place_type='city', name='Lagos', full_name='Lagos, Nigeria', country_code='NG', country='Nigeria', bounding_box=BoundingBox(_api=<tweepy.api.API object at 0x7fe2d867aac0>, type='Polygon', coordinates=[[[3.213147, 6.427886], [3.213147, 6.558339], [3.464064, 6.558339], [3.464064, 6.427886]]]), attributes={})",Twitter for iPhone
tizeti,2019-11-07 18:00:02+00:00,This will be my last month using @tizeti It‚Äôs been a very frustrating experience. I barely use it these days because the connection is always so slow. I need to call customer care 5 times every month for them to fix my connection? I wish it worked out. @wificomng,,"Place(_api=<tweepy.api.API object at 0x7fe2d867aac0>, id='011a942e0a0e8fb2', url='https://api.twitter.com/1.1/geo/id/011a942e0a0e8fb2.json', place_type='admin', name='Lagos', full_name='Lagos, Nigeria', country_code='NG', country='Nigeria', bounding_box=BoundingBox(_api=<tweepy.api.API object at 0x7fe2d867aac0>, type='Polygon', coordinates=[[[2.706304, 6.370388], [2.706304, 6.698546], [4.350022, 6.698546], [4.350022, 6.370388]]]), attributes={})",Twitter for iPhone
tizeti,2019-12-09 18:48:00+00:00,"Any plug to a fast Fibre Optic internet service in Lekki?

Don‚Äôt say https://t.co/BqEFAO8emP please 
Don‚Äôt say Swift too üòì",,"Place(_api=<tweepy.api.API object at 0x7fe2d867aac0>, id='011a942e0a0e8fb2', url='https://api.twitter.com/1.1/geo/id/011a942e0a0e8fb2.json', place_type='admin', name='Lagos', full_name='Lagos, Nigeria', country_code='NG', country='Nigeria', bounding_box=BoundingBox(_api=<tweepy.api.API object at 0x7fe2d867aac0>, type='Polygon', coordinates=[[[2.706304, 6.370388], [2.706304, 6.698546], [4.350022, 6.698546], [4.350022, 6.370388]]]), attributes={})",Twitter for iPhone
tizeti,2019-12-07 22:02:21+00:00,Airtel and Tizeti have failed me #AJRuiz2 #AnthonyJoshua,,"Place(_api=<tweepy.api.API object at 0x7fe2d867aac0>, id='011a942e0a0e8fb2', url='https://api.twitter.com/1.1/geo/id/011a942e0a0e8fb2.json', place_type='admin', name='Lagos', full_name='Lagos, Nigeria', country_code='NG', country='Nigeria', bounding_box=BoundingBox(_api=<tweepy.api.API object at 0x7fe2d867aac0>, type='Polygon', coordinates=[[[2.706304, 6.370388], [2.706304, 6.698546], [4.350022, 6.698546], [4.350022, 6.370388]]]), attributes={})",Twitter for Android
tizeti,2019-12-05 15:27:54+00:00,Yay @tizeti just refunded my money. Now we can go our separate ways amicably.,,"Place(_api=<tweepy.api.API object at 0x7fe2d867aac0>, id='00817d75276a95cf', url='https://api.twitter.com/1.1/geo/id/00817d75276a95cf.json', place_type='city', name='Lagos', full_name='Lagos, Nigeria', country_code='NG', country='Nigeria', bounding_box=BoundingBox(_api=<tweepy.api.API object at 0x7fe2d867aac0>, type='Polygon', coordinates=[[[3.213147, 6.427886], [3.213147, 6.558339], [3.464064, 6.558339], [3.464064, 6.427886]]]), attributes={})",Twitter for Android
tizeti,2019-12-05 10:17:25+00:00,"Dear @kananyi, I'm back again. Your staff at @tizeti and @wifisupport1 are at it again. 2 emails and 2 dms sent, still no reply. Not doing the phone call thing today. I was on hold for 15 mins yesterday",,"Place(_api=<tweepy.api.API object at 0x7fe2d867aac0>, id='00817d75276a95cf', url='https://api.twitter.com/1.1/geo/id/00817d75276a95cf.json', place_type='city', name='Lagos', full_name='Lagos, Nigeria', country_code='NG', country='Nigeria', bounding_box=BoundingBox(_api=<tweepy.api.API object at 0x7fe2d867aac0>, type='Polygon', coordinates=[[[3.213147, 6.427886], [3.213147, 6.558339], [3.464064, 6.558339], [3.464064, 6.427886]]]), attributes={})",Twitter for Android
tizeti,2019-12-05 09:34:04+00:00,"Another Day, another battle with @tizeti   seriously I don't understand how a company would not be replying emails promptly. You want people to come down to your office to disrupt your day üòè",,"Place(_api=<tweepy.api.API object at 0x7fe2d867aac0>, id='00817d75276a95cf', url='https://api.twitter.com/1.1/geo/id/00817d75276a95cf.json', place_type='city', name='Lagos', full_name='Lagos, Nigeria', country_code='NG', country='Nigeria', bounding_box=BoundingBox(_api=<tweepy.api.API object at 0x7fe2d867aac0>, type='Polygon', coordinates=[[[3.213147, 6.427886], [3.213147, 6.558339], [3.464064, 6.558339], [3.464064, 6.427886]]]), attributes={})",Twitter for Android
tizeti,2019-12-04 16:55:05+00:00,@ToluOrekoya @tizeti @wifisupport1 Jokes,,"Place(_api=<tweepy.api.API object at 0x7fe2d867aac0>, id='00817d75276a95cf', url='https://api.twitter.com/1.1/geo/id/00817d75276a95cf.json', place_type='city', name='Lagos', full_name='Lagos, Nigeria', country_code='NG', country='Nigeria', bounding_box=BoundingBox(_api=<tweepy.api.API object at 0x7fe2d867aac0>, type='Polygon', coordinates=[[[3.213147, 6.427886], [3.213147, 6.558339], [3.464064, 6.558339], [3.464064, 6.427886]]]), attributes={})",Twitter for Android
tizeti,2019-12-04 14:59:08+00:00,"@wifisupport1 @tizeti I feel really bad for you guys. All you guys know how to do is say sorry and organize a visit by technical support. SMH. At this rate, Won't be surprised to wake up one morning and hear you guys have packed up https://t.co/bnebGeGXd3",,"Place(_api=<tweepy.api.API object at 0x7fe2d867aac0>, id='00817d75276a95cf', url='https://api.twitter.com/1.1/geo/id/00817d75276a95cf.json', place_type='city', name='Lagos', full_name='Lagos, Nigeria', country_code='NG', country='Nigeria', bounding_box=BoundingBox(_api=<tweepy.api.API object at 0x7fe2d867aac0>, type='Polygon', coordinates=[[[3.213147, 6.427886], [3.213147, 6.558339], [3.464064, 6.558339], [3.464064, 6.427886]]]), attributes={})",Twitter for Android
tizeti,2019-12-04 14:06:00+00:00,"@wifisupport1 @tizeti Ladies and Gentlemen. This is the perfect example of ""copy and paste"". You guys don't have any other lines? You guys give Customer Service a bad name smh.",,"Place(_api=<tweepy.api.API object at 0x7fe2d867aac0>, id='00817d75276a95cf', url='https://api.twitter.com/1.1/geo/id/00817d75276a95cf.json', place_type='city', name='Lagos', full_name='Lagos, Nigeria', country_code='NG', country='Nigeria', bounding_box=BoundingBox(_api=<tweepy.api.API object at 0x7fe2d867aac0>, type='Polygon', coordinates=[[[3.213147, 6.427886], [3.213147, 6.558339], [3.464064, 6.558339], [3.464064, 6.427886]]]), attributes={})",Twitter for Android
tizeti,2019-12-04 12:47:54+00:00,"After much deliberation, decided to give @tizeti a trial again. Already regretting my decision https://t.co/vxkY4bfPme",,"Place(_api=<tweepy.api.API object at 0x7fe2d867aac0>, id='00817d75276a95cf', url='https://api.twitter.com/1.1/geo/id/00817d75276a95cf.json', place_type='city', name='Lagos', full_name='Lagos, Nigeria', country_code='NG', country='Nigeria', bounding_box=BoundingBox(_api=<tweepy.api.API object at 0x7fe2d867aac0>, type='Polygon', coordinates=[[[3.213147, 6.427886], [3.213147, 6.558339], [3.464064, 6.558339], [3.464064, 6.427886]]]), attributes={})",Twitter for Android
tizeti,2019-11-28 18:27:02+00:00,"@ToluOrekoya @sky_jfk @ntelng @tizeti Thanks for the information Tolu, I will do my due diligence.",,"Place(_api=<tweepy.api.API object at 0x7fe2d867aac0>, id='00817d75276a95cf', url='https://api.twitter.com/1.1/geo/id/00817d75276a95cf.json', place_type='city', name='Lagos', full_name='Lagos, Nigeria', country_code='NG', country='Nigeria', bounding_box=BoundingBox(_api=<tweepy.api.API object at 0x7fe2d867aac0>, type='Polygon', coordinates=[[[3.213147, 6.427886], [3.213147, 6.558339], [3.464064, 6.558339], [3.464064, 6.427886]]]), attributes={})",Twitter for iPhone
tizeti,2019-11-28 14:30:33+00:00,@sky_jfk @ntelng @tizeti Very serious ooo.,,"Place(_api=<tweepy.api.API object at 0x7fe2d867aac0>, id='00817d75276a95cf', url='https://api.twitter.com/1.1/geo/id/00817d75276a95cf.json', place_type='city', name='Lagos', full_name='Lagos, Nigeria', country_code='NG', country='Nigeria', bounding_box=BoundingBox(_api=<tweepy.api.API object at 0x7fe2d867aac0>, type='Polygon', coordinates=[[[3.213147, 6.427886], [3.213147, 6.558339], [3.464064, 6.558339], [3.464064, 6.427886]]]), attributes={})",Twitter for iPhone
tizeti,2019-11-28 14:27:55+00:00,"@sky_jfk @ntelng @tizeti It‚Äôs cool then, I‚Äôve actually spoken to them over the phone and I‚Äôve done the maths, I‚Äôd be saving big after leaving Ntel.",,"Place(_api=<tweepy.api.API object at 0x7fe2d867aac0>, id='00817d75276a95cf', url='https://api.twitter.com/1.1/geo/id/00817d75276a95cf.json', place_type='city', name='Lagos', full_name='Lagos, Nigeria', country_code='NG', country='Nigeria', bounding_box=BoundingBox(_api=<tweepy.api.API object at 0x7fe2d867aac0>, type='Polygon', coordinates=[[[3.213147, 6.427886], [3.213147, 6.558339], [3.464064, 6.558339], [3.464064, 6.427886]]]), attributes={})",Twitter for iPhone
tizeti,2019-11-28 14:25:34+00:00,@sky_jfk @ntelng @tizeti Are there network cables or it‚Äôs all WiFi?,,"Place(_api=<tweepy.api.API object at 0x7fe2d867aac0>, id='00817d75276a95cf', url='https://api.twitter.com/1.1/geo/id/00817d75276a95cf.json', place_type='city', name='Lagos', full_name='Lagos, Nigeria', country_code='NG', country='Nigeria', bounding_box=BoundingBox(_api=<tweepy.api.API object at 0x7fe2d867aac0>, type='Polygon', coordinates=[[[3.213147, 6.427886], [3.213147, 6.558339], [3.464064, 6.558339], [3.464064, 6.427886]]]), attributes={})",Twitter for iPhone
tizeti,2019-11-28 14:12:30+00:00,"@sky_jfk @ntelng @tizeti That‚Äôs the plan going forward, guess I‚Äôd start using them from January, Ntel has overstayed their welcome",,"Place(_api=<tweepy.api.API object at 0x7fe2d867aac0>, id='00817d75276a95cf', url='https://api.twitter.com/1.1/geo/id/00817d75276a95cf.json', place_type='city', name='Lagos', full_name='Lagos, Nigeria', country_code='NG', country='Nigeria', bounding_box=BoundingBox(_api=<tweepy.api.API object at 0x7fe2d867aac0>, type='Polygon', coordinates=[[[3.213147, 6.427886], [3.213147, 6.558339], [3.464064, 6.558339], [3.464064, 6.427886]]]), attributes={})",Twitter for iPhone
tizeti,2019-11-28 14:00:38+00:00,"@sky_jfk Other mobile networks suck data. But I get the point, so Tizeti for the house and other networks like Airtel when I‚Äôm out. At least @ntelng is even very expensive at the moment. Does @tizeti have a data cap?",,"Place(_api=<tweepy.api.API object at 0x7fe2d867aac0>, id='00817d75276a95cf', url='https://api.twitter.com/1.1/geo/id/00817d75276a95cf.json', place_type='city', name='Lagos', full_name='Lagos, Nigeria', country_code='NG', country='Nigeria', bounding_box=BoundingBox(_api=<tweepy.api.API object at 0x7fe2d867aac0>, type='Polygon', coordinates=[[[3.213147, 6.427886], [3.213147, 6.558339], [3.464064, 6.558339], [3.464064, 6.427886]]]), attributes={})",Twitter for iPhone
tizeti,2019-11-28 07:28:08+00:00,"@tizeti Network has been down for over 24hrs, and no message to let us know what happening. Took 8:42 minutes before my call was picked yesterday.

What if there's no alternative? What if I dont have credit to hold for that long?

This is not a good user experience ü§®ü§® https://t.co/W29JBv9XVr",,"Place(_api=<tweepy.api.API object at 0x7fe2d867aac0>, id='00817d75276a95cf', url='https://api.twitter.com/1.1/geo/id/00817d75276a95cf.json', place_type='city', name='Lagos', full_name='Lagos, Nigeria', country_code='NG', country='Nigeria', bounding_box=BoundingBox(_api=<tweepy.api.API object at 0x7fe2d867aac0>, type='Polygon', coordinates=[[[3.213147, 6.427886], [3.213147, 6.558339], [3.464064, 6.558339], [3.464064, 6.427886]]]), attributes={})",Twitter for Android
tizeti,2019-12-31 11:59:39+00:00,"Tizeti, it‚Äôs a new year o. Abeg riseeee!",,"Place(_api=<tweepy.api.API object at 0x7fe2d867aac0>, id='00817d75276a95cf', url='https://api.twitter.com/1.1/geo/id/00817d75276a95cf.json', place_type='city', name='Lagos', full_name='Lagos, Nigeria', country_code='NG', country='Nigeria', bounding_box=BoundingBox(_api=<tweepy.api.API object at 0x7fe2d867aac0>, type='Polygon', coordinates=[[[3.213147, 6.427886], [3.213147, 6.558339], [3.464064, 6.558339], [3.464064, 6.427886]]]), attributes={})",Twitter for iPhone
tizeti,2019-12-23 10:35:50+00:00,"@tizeti it‚Äôs been a week now, this ticket 737938 has been pending and everyone on your side has been quiet.",,"Place(_api=<tweepy.api.API object at 0x7fe2d867aac0>, id='00817d75276a95cf', url='https://api.twitter.com/1.1/geo/id/00817d75276a95cf.json', place_type='city', name='Lagos', full_name='Lagos, Nigeria', country_code='NG', country='Nigeria', bounding_box=BoundingBox(_api=<tweepy.api.API object at 0x7fe2d867aac0>, type='Polygon', coordinates=[[[3.213147, 6.427886], [3.213147, 6.558339], [3.464064, 6.558339], [3.464064, 6.427886]]]), attributes={})",Twitter for iPhone
tizeti,2019-12-21 16:41:39+00:00,@tizeti Good day I have a complain,,"Place(_api=<tweepy.api.API object at 0x7fe2d867aac0>, id='011a942e0a0e8fb2', url='https://api.twitter.com/1.1/geo/id/011a942e0a0e8fb2.json', place_type='admin', name='Lagos', full_name='Lagos, Nigeria', country_code='NG', country='Nigeria', bounding_box=BoundingBox(_api=<tweepy.api.API object at 0x7fe2d867aac0>, type='Polygon', coordinates=[[[2.706304, 6.370388], [2.706304, 6.698546], [4.350022, 6.698546], [4.350022, 6.370388]]]), attributes={})",Twitter for Android
tizeti,2019-12-19 21:52:02+00:00,"@lumes_bg Case in Point - Tizeti. 
Got funding, expanded operations to Ghana with so much network issues and complains from Nigerian users.",,"Place(_api=<tweepy.api.API object at 0x7fe2d867aac0>, id='011a942e0a0e8fb2', url='https://api.twitter.com/1.1/geo/id/011a942e0a0e8fb2.json', place_type='admin', name='Lagos', full_name='Lagos, Nigeria', country_code='NG', country='Nigeria', bounding_box=BoundingBox(_api=<tweepy.api.API object at 0x7fe2d867aac0>, type='Polygon', coordinates=[[[2.706304, 6.370388], [2.706304, 6.698546], [4.350022, 6.698546], [4.350022, 6.370388]]]), attributes={})",Twitter for Android
tizeti,2019-12-15 05:37:01+00:00,@wifisupport1 @tizeti network still down in festac ooo. And I have done all the troubleshooting. Came up for a few minutes yesterday and then stopped working. Please bear in mind the number of days I've not been able to use your internet. Thank you.,,"Place(_api=<tweepy.api.API object at 0x7fe2d867aac0>, id='00817d75276a95cf', url='https://api.twitter.com/1.1/geo/id/00817d75276a95cf.json', place_type='city', name='Lagos', full_name='Lagos, Nigeria', country_code='NG', country='Nigeria', bounding_box=BoundingBox(_api=<tweepy.api.API object at 0x7fe2d867aac0>, type='Polygon', coordinates=[[[3.213147, 6.427886], [3.213147, 6.558339], [3.464064, 6.558339], [3.464064, 6.427886]]]), attributes={})",Twitter for Android
tizeti,2019-12-14 08:33:35+00:00,@wifisupport1 @tizeti Ok,,"Place(_api=<tweepy.api.API object at 0x7fe2d867aac0>, id='00817d75276a95cf', url='https://api.twitter.com/1.1/geo/id/00817d75276a95cf.json', place_type='city', name='Lagos', full_name='Lagos, Nigeria', country_code='NG', country='Nigeria', bounding_box=BoundingBox(_api=<tweepy.api.API object at 0x7fe2d867aac0>, type='Polygon', coordinates=[[[3.213147, 6.427886], [3.213147, 6.558339], [3.464064, 6.558339], [3.464064, 6.427886]]]), attributes={})",Twitter for Android
tizeti,2019-12-14 08:30:59+00:00,@chrisnwasike @tizeti Yes o,,"Place(_api=<tweepy.api.API object at 0x7fe2d867aac0>, id='00817d75276a95cf', url='https://api.twitter.com/1.1/geo/id/00817d75276a95cf.json', place_type='city', name='Lagos', full_name='Lagos, Nigeria', country_code='NG', country='Nigeria', bounding_box=BoundingBox(_api=<tweepy.api.API object at 0x7fe2d867aac0>, type='Polygon', coordinates=[[[3.213147, 6.427886], [3.213147, 6.558339], [3.464064, 6.558339], [3.464064, 6.427886]]]), attributes={})",Twitter for Android
tizeti,2019-12-14 07:51:35+00:00,"2 days now and @tizeti network is still down in festac. After surviving the NEPA madness for almost 5 days, now this??? 

Please I just renewed my subscription and I've not been able to use 1kb of it üò≠üò≠üò≠ https://t.co/WmaihLFMsT",,"Place(_api=<tweepy.api.API object at 0x7fe2d867aac0>, id='00817d75276a95cf', url='https://api.twitter.com/1.1/geo/id/00817d75276a95cf.json', place_type='city', name='Lagos', full_name='Lagos, Nigeria', country_code='NG', country='Nigeria', bounding_box=BoundingBox(_api=<tweepy.api.API object at 0x7fe2d867aac0>, type='Polygon', coordinates=[[[3.213147, 6.427886], [3.213147, 6.558339], [3.464064, 6.558339], [3.464064, 6.427886]]]), attributes={})",Twitter for Android
tizeti,2019-12-13 15:12:01+00:00,"@tizeti and downtime in the past few weeks

Cc: @tIZETI_ https://t.co/b3z6293Cln",,"Place(_api=<tweepy.api.API object at 0x7fe2d867aac0>, id='00817d75276a95cf', url='https://api.twitter.com/1.1/geo/id/00817d75276a95cf.json', place_type='city', name='Lagos', full_name='Lagos, Nigeria', country_code='NG', country='Nigeria', bounding_box=BoundingBox(_api=<tweepy.api.API object at 0x7fe2d867aac0>, type='Polygon', coordinates=[[[3.213147, 6.427886], [3.213147, 6.558339], [3.464064, 6.558339], [3.464064, 6.427886]]]), attributes={})",Twitter for Android
